name,CAS,ΔvapH (kJ/mol),Temperature (K),Method,Reference,Comment,260. to 428.,298. to 444.,298. to 426.,298. to 353.,292. to 422.,293. to 469.
n-Pentane,109-66-0,25.79,309.2,N/A,"Majer and Svoboda, 1985",,,,,,,
n-Pentane,109-66-0,26.200,298.15,N/A,"Messerly and Kennedy, 1940",P = 68.68 kPa;DH,,,,,,
n-Pentane,109-66-0,26.7,323.,N/A,"Pfohl, Riebesell, et al., 2002",Based on data from 308. to 423. K.;AC,,,,,,
n-Pentane,109-66-0,29.8,238.,A,"Stephenson and Malanowski, 1987",Based on data from 223. to 352. K.;AC,,,,,,
n-Pentane,109-66-0,32.3,208.,A,"Stephenson and Malanowski, 1987",Based on data from 143. to 223. K.;AC,,,,,,
n-Pentane,109-66-0,26.1,365.,A,"Stephenson and Malanowski, 1987",Based on data from 350. to 422. K.;AC,,,,,,
n-Pentane,109-66-0,26.2,433.,A,"Stephenson and Malanowski, 1987",Based on data from 418. to 470. K.;AC,,,,,,
n-Pentane,109-66-0,27.9,284.,EB,"Stephenson and Malanowski, 1987","Based on data from 269. to 341. K. See alsoOsborn and Douslin, 1974.;AC",,,,,,
n-Pentane,109-66-0,25.5,310.,N/A,"Das, Reed, et al., 1977",AC,,,,,,
n-Pentane,109-66-0,23.,350.,N/A,"Das, Reed, et al., 1977",AC,,,,,,
n-Pentane,109-66-0,19.7,390.,N/A,"Das, Reed, et al., 1977",AC,,,,,,
n-Pentane,109-66-0,15.1,430.,N/A,"Das, Reed, et al., 1977",AC,,,,,,
n-Pentane,109-66-0,8.5,460.,N/A,"Das, Reed, et al., 1977",AC,,,,,,
n-Pentane,109-66-0,,A (kJ/mol),,,,37.01,,,,,
n-Pentane,109-66-0,,α,,,,-0.1238,,,,,
n-Pentane,109-66-0,,β,,,,0.4121,,,,,
n-Pentane,109-66-0,,Tc(K),,,,469.6,,,,,
n-Pentane,109-66-0,,Reference,,,,"Majer and Svoboda, 1985",,,,,
n-Hexane,110-54-3,28.85,341.9,N/A,"Majer and Svoboda, 1985",,,,,,,
n-Hexane,110-54-3,34.9,253.,A,"Stephenson and Malanowski, 1987",Based on data from 238. to 298. K.;AC,,,,,,
n-Hexane,110-54-3,35.7,244.,A,"Stephenson and Malanowski, 1987",Based on data from 189. to 259. K.;AC,,,,,,
n-Hexane,110-54-3,31.5,313.,A,"Stephenson and Malanowski, 1987",Based on data from 298. to 343. K.;AC,,,,,,
n-Hexane,110-54-3,30.1,356.,A,"Stephenson and Malanowski, 1987",Based on data from 341. to 377. K.;AC,,,,,,
n-Hexane,110-54-3,29.3,389.,A,"Stephenson and Malanowski, 1987",Based on data from 374. to 451. K.;AC,,,,,,
n-Hexane,110-54-3,29.4,460.,A,"Stephenson and Malanowski, 1987",Based on data from 445. to 508. K.;AC,,,,,,
n-Hexane,110-54-3,32.0,301.,"A,MM","Stephenson and Malanowski, 1987","Based on data from 286. to 343. K. See alsoWillingham, Taylor, et al., 1945.;AC",,,,,,
n-Hexane,110-54-3,26.6,373.,C,"Wormald and Yerlett, 1985",AC,,,,,,
n-Hexane,110-54-3,22.5,423.,C,"Wormald and Yerlett, 1985",AC,,,,,,
n-Hexane,110-54-3,15.7,473.,C,"Wormald and Yerlett, 1985",AC,,,,,,
n-Hexane,110-54-3,8.9,498.,C,"Wormald and Yerlett, 1985",AC,,,,,,
n-Hexane,110-54-3,30.9,313.,N/A,"Michou-Saucet, Jose, et al., 1984",Based on data from 298. to 338. K.;AC,,,,,,
n-Hexane,110-54-3,30.7 ± 0.1,313.,C,"Majer, Svoboda, et al., 1979",AC,,,,,,
n-Hexane,110-54-3,29.5 ± 0.1,333.,C,"Majer, Svoboda, et al., 1979",AC,,,,,,
n-Hexane,110-54-3,28.2 ± 0.1,353.,C,"Majer, Svoboda, et al., 1979",AC,,,,,,
n-Hexane,110-54-3,31.6,310.,N/A,"Letcher and Marsicano, 1974","Based on data from 300. to 321. K. See alsoBoublik, Fried, et al., 1984.;AC",,,,,,
n-Hexane,110-54-3,32.5,250.,N/A,"Carruth and Kobayashi, 1973",Based on data from 178. to 265. K.;AC,,,,,,
n-Hexane,110-54-3,30.9 ± 0.1,309.,C,"Waddington and Douslin, 1947",AC,,,,,,
n-Hexane,110-54-3,29.8 ± 0.1,328.,C,"Waddington and Douslin, 1947",AC,,,,,,
n-Hexane,110-54-3,30.5 ± 0.2,313.,C,"Lemons and Felsing, 1943",AC,,,,,,
n-Hexane,110-54-3,29.0 ± 0.2,333.,C,"Lemons and Felsing, 1943",AC,,,,,,
n-Hexane,110-54-3,28.2 ± 0.2,353.,C,"Lemons and Felsing, 1943",AC,,,,,,
n-Hexane,110-54-3,,A (kJ/mol),,,,,43.85,,,,
n-Hexane,110-54-3,,α,,,,,-0.039,,,,
n-Hexane,110-54-3,,β,,,,,0.397,,,,
n-Hexane,110-54-3,,Tc(K),,,,,507.4,,,,
n-Hexane,110-54-3,,Reference,,,,,"Majer and Svoboda, 1985",,,,
n-Heptane,142-82-5,31.77,371.6,N/A,"Majer and Svoboda, 1985",,,,,,,
n-Heptane,142-82-5,34.7,345.,N/A,"Segura, Wisniak, et al., 2002",Based on data from 330. to 371. K.;AC,,,,,,
n-Heptane,142-82-5,35.2,343.,N/A,"Ortega, González, et al., 2001",Based on data from 328. to 393. K.;AC,,,,,,
n-Heptane,142-82-5,36.1,312.,A,"Stephenson and Malanowski, 1987","Based on data from 297. to 375. K. See alsoForziati, Norris, et al., 1949.;AC",,,,,,
n-Heptane,142-82-5,36.1,313.,N/A,"Michou-Saucet, Jose, et al., 1984",Based on data from 298. to 338. K.;AC,,,,,,
n-Heptane,142-82-5,36.1,313.,N/A,"Sipowska and Wieczorek, 1984",Based on data from 298. to 363. K.;AC,,,,,,
n-Heptane,142-82-5,35.6 ± 0.1,313.,C,"Majer, Svoboda, et al., 1979",AC,,,,,,
n-Heptane,142-82-5,34.4 ± 0.1,333.,C,"Majer, Svoboda, et al., 1979",AC,,,,,,
n-Heptane,142-82-5,33.1 ± 0.1,353.,C,"Majer, Svoboda, et al., 1979",AC,,,,,,
n-Heptane,142-82-5,36.4,303.,N/A,"Van Ness, Soczek, et al., 1967",Based on data from 288. to 348. K.;AC,,,,,,
n-Heptane,142-82-5,34.5 ± 0.1,331.,C,"Waddington, Todd, et al., 1947",AC,,,,,,
n-Heptane,142-82-5,33.2 ± 0.1,350.,C,"Waddington, Todd, et al., 1947",AC,,,,,,
n-Heptane,142-82-5,35.4,328.,N/A,"Thomson, 1946",Based on data from 313. to 398. K.;AC,,,,,,
n-Heptane,142-82-5,36.0,314.,MM,"Willingham, Taylor, et al., 1945",Based on data from 299. to 372. K.;AC,,,,,,
n-Heptane,142-82-5,32.0,371.,C,"Pitzer K.S., 1940",AC,,,,,,
n-Heptane,142-82-5,35.5,325.,EB,"Smith, 1940",Based on data from 310. to 397. K.;AC,,,,,,
n-Octane,111-65-9,34.41,398.8,N/A,"Majer and Svoboda, 1985",,,,,,,
n-Octane,111-65-9,39.4,338.,EB,"Ewing and Ochoa, 2003",Based on data from 323. to 563. K.;AC,,,,,,
n-Octane,111-65-9,41.0,312.,A,"Stephenson and Malanowski, 1987",Based on data from 297. to 400. K.;AC,,,,,,
n-Octane,111-65-9,44.4,263.,A,"Stephenson and Malanowski, 1987",Based on data from 216. to 278. K.;AC,,,,,,
n-Octane,111-65-9,36.3,411.,A,"Stephenson and Malanowski, 1987",Based on data from 396. to 432. K.;AC,,,,,,
n-Octane,111-65-9,35.5,443.,A,"Stephenson and Malanowski, 1987",Based on data from 428. to 510. K.;AC,,,,,,
n-Octane,111-65-9,34.9,521.,A,"Stephenson and Malanowski, 1987",Based on data from 506. to 569. K.;AC,,,,,,
n-Octane,111-65-9,41.2,310.,N/A,"Paul, Krug, et al., 1986",Based on data from 295. to 402. K.;AC,,,,,,
n-Octane,111-65-9,41.9,313.,N/A,"Michou-Saucet, Jose, et al., 1984",Based on data from 298. to 333. K.;AC,,,,,,
n-Octane,111-65-9,40.5 ± 0.1,313.,C,"Majer, Svoboda, et al., 1979",AC,,,,,,
n-Octane,111-65-9,39.1 ± 0.1,333.,C,"Majer, Svoboda, et al., 1979",AC,,,,,,
n-Octane,111-65-9,37.8 ± 0.1,353.,C,"Majer, Svoboda, et al., 1979",AC,,,,,,
n-Octane,111-65-9,43.0,282.,N/A,"Carruth and Kobayashi, 1973",Based on data from 217. to 297. K.;AC,,,,,,
n-Octane,111-65-9,38.0 ± 0.1,311.,C,"McKay and Sage, 1960",AC,,,,,,
n-Octane,111-65-9,36.7 ± 0.1,328.,C,"McKay and Sage, 1960",AC,,,,,,
n-Octane,111-65-9,35.4 ± 0.1,344.,C,"McKay and Sage, 1960",AC,,,,,,
n-Octane,111-65-9,39.2,341.,MM,"Willingham, Taylor, et al., 1945",Based on data from 326. to 400. K.;AC,,,,,,
n-Octane,111-65-9,,A (kJ/mol),,,,,,58.46,,,
n-Octane,111-65-9,,α,,,,,,0.1834,,,
n-Octane,111-65-9,,β,,,,,,0.3324,,,
n-Octane,111-65-9,,Tc(K),,,,,,568.8,,,
n-Octane,111-65-9,,Reference,,,,,,"Majer and Svoboda, 1985",,,
n-Nonane,111-84-2,36.91,424.,N/A,"Majer and Svoboda, 1985",,,,,,,
n-Nonane,111-84-2,46.7,299.,C,"Viton, Chavret, et al., 1996",AC,,,,,,
n-Nonane,111-84-2,46.,314.,C,"Viton, Chavret, et al., 1996",AC,,,,,,
n-Nonane,111-84-2,48.3,234.,A,"Stephenson and Malanowski, 1987","Based on data from 219. to 308. K. See alsoCarruth and Kobayashi, 1973.;AC",,,,,,
n-Nonane,111-84-2,42.7,359.,"A,MM","Stephenson and Malanowski, 1987","Based on data from 344. to 426. K. See alsoWillingham, Taylor, et al., 1945andForziati, Norris, et al., 1949.;AC",,,,,,
n-Nonane,111-84-2,43.9,337.,N/A,"Paul, Krug, et al., 1986",Based on data from 322. to 413. K.;AC,,,,,,
n-Nonane,111-84-2,44.3,328.,C,"Majer, Svoboda, et al., 1984",AC,,,,,,
n-Nonane,111-84-2,43.2,343.,C,"Majer, Svoboda, et al., 1984",AC,,,,,,
n-Nonane,111-84-2,42.1,358.,C,"Majer, Svoboda, et al., 1984",AC,,,,,,
n-Decane,124-18-5,38.75,447.3,N/A,"Majer and Svoboda, 1985",,,,,,,
n-Decane,124-18-5,48.3,339.,GC,"Mokbel, Razzouk, et al., 2007",Based on data from 324. to 402. K.;AC,,,,,,
n-Decane,124-18-5,46.6,352.,N/A,"Batiu, 2002",Based on data from 337. to 376. K.;AC,,,,,,
n-Decane,124-18-5,51.5,299.,C,"Viton, Chavret, et al., 1996",AC,,,,,,
n-Decane,124-18-5,50.5,314.,C,"Viton, Chavret, et al., 1996",AC,,,,,,
n-Decane,124-18-5,50.1,324.,C,"Viton, Chavret, et al., 1996",AC,,,,,,
n-Decane,124-18-5,49.2,334.,C,"Viton, Chavret, et al., 1996",AC,,,,,,
n-Decane,124-18-5,42.5,424.,N/A,"Lee, Dempsey, et al., 1992",Based on data from 409. to 584. K.;AC,,,,,,
n-Decane,124-18-5,48.1,340.,"EB,IP","Chirico, Nguyen, et al., 1989",Based on data from 268. to 490. K.;AC,,,,,,
n-Decane,124-18-5,53.8,267.,A,"Stephenson and Malanowski, 1987",Based on data from 252. to 383. K.;AC,,,,,,
n-Decane,124-18-5,41.7,462.,A,"Stephenson and Malanowski, 1987",Based on data from 447. to 526. K.;AC,,,,,,
n-Decane,124-18-5,38.6,539.,A,"Stephenson and Malanowski, 1987",Based on data from 524. to 617. K.;AC,,,,,,
n-Decane,124-18-5,45.3,388.,N/A,"Stephenson and Malanowski, 1987","Based on data from 373. to 443. K. See alsoVarushchenko, Belikova, et al., 1970.;AC",,,,,,
n-Decane,124-18-5,50.3,313.,GS,"Allemand, Jose, et al., 1986",Based on data from 298. to 347. K.;AC,,,,,,
n-Decane,124-18-5,49.8 ± 1.7,308. to 351.,N/A,"Beckhaus, Ruchardt, et al., 1984",AC,,,,,,
n-Decane,124-18-5,55.9,258.,N/A,"Carruth and Kobayashi, 1973",Based on data from 243. to 310. K.;AC,,,,,,
n-Decane,124-18-5,45.5,383.,MM,"Willingham, Taylor, et al., 1945",Based on data from 368. to 440. K.;AC,,,,,,
n-Undecane,1120-21-4,56.2,299.,C,"Viton, Chavret, et al., 1996",AC,,,,,,
n-Undecane,1120-21-4,55.4,314.,C,"Viton, Chavret, et al., 1996",AC,,,,,,
n-Undecane,1120-21-4,54.5,324.,C,"Viton, Chavret, et al., 1996",AC,,,,,,
n-Undecane,1120-21-4,54.0,334.,C,"Viton, Chavret, et al., 1996",AC,,,,,,
n-Undecane,1120-21-4,53.1,344.,C,"Viton, Chavret, et al., 1996",AC,,,,,,
n-Undecane,1120-21-4,60.0,293.,A,"Stephenson and Malanowski, 1987",Based on data from 278. to 470. K.;AC,,,,,,
n-Undecane,1120-21-4,49.1,393.,N/A,"Camin and Rossini, 1955",Based on data from 378. to 470. K.;AC,,,,,,
n-Dodecane,112-40-3,61.4,299.,C,"Viton, Chavret, et al., 1996",AC,,,,,,
n-Dodecane,112-40-3,58.1,334.,C,"Viton, Chavret, et al., 1996",AC,,,,,,
n-Dodecane,112-40-3,57.4,344.,C,"Viton, Chavret, et al., 1996",AC,,,,,,
n-Dodecane,112-40-3,65.7,278.,N/A,"Sasse, Jose, et al., 1988",Based on data from 263. to 371. K.;AC,,,,,,
n-Dodecane,112-40-3,61.8,293.,A,"Stephenson and Malanowski, 1987",Based on data from 278. to 400. K.;AC,,,,,,
n-Dodecane,112-40-3,51.6,415.,"A,MM","Stephenson and Malanowski, 1987","Based on data from 400. to 492. K. See alsoWillingham, Taylor, et al., 1945.;AC",,,,,,
n-Dodecane,112-40-3,61.1,313.,GS,"Allemand, Jose, et al., 1986",Based on data from 298. to 389. K.;AC,,,,,,
n-Tridecane,629-50-5,65.3,309.,C,"Viton, Chavret, et al., 1996",AC,,,,,,
n-Tridecane,629-50-5,64.9,314.,C,"Viton, Chavret, et al., 1996",AC,,,,,,
n-Tridecane,629-50-5,64.2,324.,C,"Viton, Chavret, et al., 1996",AC,,,,,,
n-Tridecane,629-50-5,63.3,334.,C,"Viton, Chavret, et al., 1996",AC,,,,,,
n-Tridecane,629-50-5,62.4,344.,C,"Viton, Chavret, et al., 1996",AC,,,,,,
n-Tridecane,629-50-5,62.3,349.,C,"Viton, Chavret, et al., 1996",AC,,,,,,
n-Tridecane,629-50-5,54.5,432.,A,"Stephenson and Malanowski, 1987","Based on data from 417. to 511. K. See alsoCamin and Rossini, 1955.;AC",,,,,,
n-Tridecane,629-50-5,65.6,308.,C,"Sunner and Svensson, 1979",AC,,,,,,
n-Tridecane,629-50-5,64.6,318.,C,"Sunner and Svensson, 1979",AC,,,,,,
n-Tridecane,629-50-5,61.7,348.,C,"Sunner and Svensson, 1979",AC,,,,,,
n-Tetradecane,629-59-4,69.0,324.,C,"Viton, Chavret, et al., 1996",AC,,,,,,
n-Tetradecane,629-59-4,68.6,329.,C,"Viton, Chavret, et al., 1996",AC,,,,,,
n-Tetradecane,629-59-4,67.9,334.,C,"Viton, Chavret, et al., 1996",AC,,,,,,
n-Tetradecane,629-59-4,66.8,344.,C,"Viton, Chavret, et al., 1996",AC,,,,,,
n-Tetradecane,629-59-4,65.7,359.,C,"Viton, Chavret, et al., 1996",AC,,,,,,
n-Tetradecane,629-59-4,67.8,328.,A,"Stephenson and Malanowski, 1987",Based on data from 313. to 433. K.;AC,,,,,,
n-Tetradecane,629-59-4,57.1,447.,A,"Stephenson and Malanowski, 1987","Based on data from 432. to 529. K. See alsoCamin and Rossini, 1955.;AC",,,,,,
n-Tetradecane,629-59-4,64.1,361.,GS,"Allemand, Jose, et al., 1986",Based on data from 343. to 395. K.;AC,,,,,,
n-Tetradecane,629-59-4,70.1,313.,C,"Sunner and Svensson, 1979",AC,,,,,,
n-Tetradecane,629-59-4,68.9,328.,C,"Sunner and Svensson, 1979",AC,,,,,,
n-Tetradecane,629-59-4,57.8,449.,ME,"Ubbelohde, 1938",Based on data from 429. to 468. K.;AC,,,,,,
n-Pentadecane,629-62-9,72.9,334.,C,"Viton, Chavret, et al., 1996",AC,,,,,,
n-Pentadecane,629-62-9,71.8,344.,C,"Viton, Chavret, et al., 1996",AC,,,,,,
n-Pentadecane,629-62-9,67.5,381.,A,"Stephenson and Malanowski, 1987",Based on data from 366. to 409. K.;AC,,,,,,
n-Pentadecane,629-62-9,59.6,462.,A,"Stephenson and Malanowski, 1987","Based on data from 447. to 546. K. See alsoCamin and Rossini, 1955.;AC",,,,,,
n-Pentadecane,629-62-9,66.4,350.,GS,"Allemand, Jose, et al., 1986",Based on data from 333. to 409. K.;AC,,,,,,
n-Pentadecane,629-62-9,70.8,353.,C,"Sunner and Svensson, 1979",AC,,,,,,
n-Pentadecane,629-62-9,68.8,373.,C,"Sunner and Svensson, 1979",AC,,,,,,
n-Pentadecane,629-62-9,72.2 ± 1.2,333.,C,"Sunner and Svensson, 1979",AC,,,,,,
n-Pentadecane,629-62-9,61.9,447.,ME,"Ubbelohde, 1938",Based on data from 430. to 464. K.;AC,,,,,,
n-Hexadecane,544-76-3,68.5,408.,N/A,"Morgan and Kobayashi, 1994",Based on data from 393. to 583. K.;AC,,,,,,
n-Hexadecane,544-76-3,59.8,520.,N/A,"Lee, Dempsey, et al., 1992",Based on data from 505. to 589. K.;AC,,,,,,
n-Hexadecane,544-76-3,74.9,338.,A,"Stephenson and Malanowski, 1987",Based on data from 323. to 423. K.;AC,,,,,,
n-Hexadecane,544-76-3,61.7,482.,"A,MM","Stephenson and Malanowski, 1987","Based on data from 467. to 563. K. See alsoCamin, Forziati, et al., 1954.;AC",,,,,,
n-Hexadecane,544-76-3,66.9,343.,GC,"Nováková and Novák, 1977",AC,,,,,,
n-Hexadecane,544-76-3,66.2,353.,GC,"Nováková and Novák, 1977",AC,,,,,,
n-Hexadecane,544-76-3,65.6,363.,GC,"Nováková and Novák, 1977",AC,,,,,,
n-Hexadecane,544-76-3,64.9,373.,GC,"Nováková and Novák, 1977",AC,,,,,,
n-Hexadecane,544-76-3,64.2,383.,GC,"Nováková and Novák, 1977",AC,,,,,,
n-Hexadecane,544-76-3,80.2,300.,ME,"Bradley and Shellard, 1949",Based on data from 293. to 308. K.;AC,,,,,,
n-Hexadecane,544-76-3,93.4,311.,ME,"Parks and Moore, 1949",Based on data from 299. to 324. K.;AC,,,,,,
n-Hexadecane,544-76-3,65.7,455.,ME,"Ubbelohde, 1938",Based on data from 442. to 469. K.;AC,,,,,,
n-Heptadecane,629-78-7,91.1,304.,A,"Stephenson and Malanowski, 1987",Based on data from 289. to 320. K.;AC,,,,,,
n-Heptadecane,629-78-7,62.9,503.,A,"Stephenson and Malanowski, 1987",Based on data from 488. to 577. K.;AC,,,,,,
n-Heptadecane,629-78-7,71.6,457.,ME,"Ubbelohde, 1938",Based on data from 445. to 470. K.;AC,,,,,,
n-Octadecane,593-45-3,74.4,428.,N/A,"Morgan and Kobayashi, 1994",Based on data from 413. to 588. K.;AC,,,,,,
n-Octadecane,593-45-3,64.8,516.,A,"Stephenson and Malanowski, 1987",Based on data from 501. to 548. K.;AC,,,,,,
n-Octadecane,593-45-3,84.3,333.,"A,GS","Stephenson and Malanowski, 1987","Based on data from 318. to 361. K. See alsoMacknick and Prausnitz, 1979.;AC",,,,,,
n-Octadecane,593-45-3,80.0,348.,GS,"Allemand, Jose, et al., 1986",Based on data from 335. to 439. K.;AC,,,,,,
n-Octadecane,593-45-3,72.5,343.,GC,"Nováková and Novák, 1977",AC,,,,,,
n-Octadecane,593-45-3,71.8,353.,GC,"Nováková and Novák, 1977",AC,,,,,,
n-Octadecane,593-45-3,71.1,363.,GC,"Nováková and Novák, 1977",AC,,,,,,
n-Octadecane,593-45-3,70.5,373.,GC,"Nováková and Novák, 1977",AC,,,,,,
n-Octadecane,593-45-3,69.8,383.,GC,"Nováková and Novák, 1977",AC,,,,,,
n-Octadecane,593-45-3,78.1,460.,ME,"Ubbelohde, 1938",Based on data from 447. to 474. K.;AC,,,,,,
n-Octadecane,593-45-3,69.4,462.,N/A,"Krafft, 1882","Based on data from 447. to 590. K. See alsoBoublik, Fried, et al., 1984.;AC",,,,,,
n-Nonadecane,629-92-5,76.2,438.,N/A,"Morgan and Kobayashi, 1994",Based on data from 423. to 588. K.;AC,,,,,,
n-Nonadecane,629-92-5,73.0,471.,A,"Stephenson and Malanowski, 1987",Based on data from 456. to 606. K.;AC,,,,,,
n-Eicosane,112-95-8,99.5 ± 1.1,343.,N/A,"Razzouk, Naccoul, et al., 2009",Based on data from 313. to 373. K.;AC,,,,,,
n-Eicosane,112-95-8,78.0,448.,N/A,"Morgan and Kobayashi, 1994",Based on data from 433. to 583. K.;AC,,,,,,
n-Eicosane,112-95-8,110. ± 2.,368.,TE,"Piacente, Fontana, et al., 1994",Based on data from 347. to 388. K.;AC,,,,,,
n-Eicosane,112-95-8,79.0,360.,"TE,ME,GS","Piacente, Pompili, et al., 1991",Based on data from 345. to 470. K.;AC,,,,,,
n-Eicosane,112-95-8,80.78 ± 0.07,440.,V,"Chirico, Nguyen, et al., 1989",ALS,,,,,,
n-Eicosane,112-95-8,80.8,440.,"EB,IP","Chirico, Nguyen, et al., 1989",Based on data from 388. to 625. K.;AC,,,,,,
n-Eicosane,112-95-8,68.3,540.,"EB,IP","Chirico, Nguyen, et al., 1989",Based on data from 388. to 625. K.;AC,,,,,,
n-Eicosane,112-95-8,89.6,378.,N/A,"Sasse, Jose, et al., 1988",Based on data from 363. to 460. K.;AC,,,,,,
n-Eicosane,112-95-8,71.1,543.,A,"Stephenson and Malanowski, 1987",Based on data from 528. to 620. K.;AC,,,,,,
n-Eicosane,112-95-8,93.3,359.,"A,GS","Stephenson and Malanowski, 1987","Based on data from 344. to 380. K. See alsoMacknick and Prausnitz, 1979.;AC",,,,,,
Isopentane,78-78-4,24.69,301.,N/A,"Majer and Svoboda, 1985",,,,,,,
Isopentane,78-78-4,24.832,293.95,N/A,"Schumann, Aston, et al., 1942, 2",P = 79.15 kPa;DH,,,,,,
Isopentane,78-78-4,26.9,270.,N/A,"Ewing and Goodwin, 1991",Based on data from 255. to 323. K.;AC,,,,,,
Isopentane,78-78-4,28.5,231.,A,"Stephenson and Malanowski, 1987",Based on data from 216. to 323. K.;AC,,,,,,
Isopentane,78-78-4,25.2,315.,A,"Stephenson and Malanowski, 1987",Based on data from 300. to 460. K.;AC,,,,,,
Isopentane,78-78-4,25.2,335.,A,"Stephenson and Malanowski, 1987",Based on data from 320. to 391. K.;AC,,,,,,
Isopentane,78-78-4,24.8,400.,A,"Stephenson and Malanowski, 1987",Based on data from 385. to 416. K.;AC,,,,,,
Isopentane,78-78-4,25.3,427.,A,"Stephenson and Malanowski, 1987",Based on data from 412. to 460. K.;AC,,,,,,
Isopentane,78-78-4,24.4,310.,N/A,"Das, Reed, et al., 1977, 2",AC,,,,,,
Isopentane,78-78-4,21.5,350.,N/A,"Das, Reed, et al., 1977, 2",AC,,,,,,
Isopentane,78-78-4,18.0,390.,N/A,"Das, Reed, et al., 1977, 2",AC,,,,,,
Isopentane,78-78-4,12.9,430.,N/A,"Das, Reed, et al., 1977, 2",AC,,,,,,
Isopentane,78-78-4,30.2,205.,N/A,"Stull, 1947",Based on data from 190. to 300. K.;AC,,,,,,
Isopentane,78-78-4,26.2,295.,MM,"Willingham, Taylor, et al., 1945",Based on data from 289. to 301. K.;AC,,,,,,
Neopentane,463-82-1,22.74,282.7,N/A,"Majer and Svoboda, 1985",,,,,,,
Neopentane,463-82-1,22.753,282.61,N/A,"Aston and Messerly, 1936, 2",P = 101.325 kPa;DH,,,,,,
Neopentane,463-82-1,24.3,272.,N/A,"Höpfner, Parekh, et al., 2010","Based on data from 257. to 293. K. See alsoBoublik, Fried, et al., 1984.;AC",,,,,,
Neopentane,463-82-1,24.0,283.,A,"Stephenson and Malanowski, 1987",Based on data from 268. to 313. K.;AC,,,,,,
Neopentane,463-82-1,23.1,327.,A,"Stephenson and Malanowski, 1987",Based on data from 312. to 385. K.;AC,,,,,,
Neopentane,463-82-1,23.1,397.,A,"Stephenson and Malanowski, 1987",Based on data from 382. to 433. K.;AC,,,,,,
Neopentane,463-82-1,22.2,290.,N/A,"Das, Reed, et al., 1977",AC,,,,,,
Neopentane,463-82-1,19.5,330.,N/A,"Das, Reed, et al., 1977",AC,,,,,,
Neopentane,463-82-1,16.2,370.,N/A,"Das, Reed, et al., 1977",AC,,,,,,
Neopentane,463-82-1,11.1,410.,N/A,"Das, Reed, et al., 1977",AC,,,,,,
Neopentane,463-82-1,22.8,358.,N/A,"Dawson, Silberberg, et al., 1973","Based on data from 343. to 433. K. See alsoBoublik, Fried, et al., 1984.;AC",,,,,,
Neopentane,463-82-1,22.8 ± 0.1,283.,N/A,"Aston and Messerly, 1936, 2",AC,,,,,,
2-Methylpentane,107-83-5,27.79,333.4,N/A,"Majer and Svoboda, 1985",,,,,,,
2-Methylpentane,107-83-5,30.2,305.,N/A,"Sapei, Uusi-Kyyny, et al., 2010",Based on data from 290. to 333. K.;AC,,,,,,
2-Methylpentane,107-83-5,30.0,316.,N/A,"Pokki, Uusi-Kyyny, et al., 2002",Based on data from 301. to 333. K.;AC,,,,,,
2-Methylpentane,107-83-5,29.7,325.,N/A,"Aucejo, Loras, et al., 1998",Based on data from 310. to 359. K.;AC,,,,,,
2-Methylpentane,107-83-5,30.5,308.,A,"Stephenson and Malanowski, 1987",Based on data from 293. to 335. K.;AC,,,,,,
2-Methylpentane,107-83-5,28.7 ± 0.1,318.,C,"Waddington, Smith, et al., 1949",AC,,,,,,
2-Methylpentane,107-83-5,27.8 ± 0.1,333.,C,"Waddington, Smith, et al., 1949",AC,,,,,,
2-Methylpentane,107-83-5,30.4,301.,MM,"Willingham, Taylor, et al., 1945",Based on data from 286. to 334. K.;AC,,,,,,
2-Methylpentane,107-83-5,29.8 ± 0.2,293.,C,"Lemons and Felsing, 1943",AC,,,,,,
2-Methylpentane,107-83-5,29.0 ± 0.2,313.,C,"Lemons and Felsing, 1943",AC,,,,,,
2-Methylpentane,107-83-5,27.6 ± 0.2,333.,C,"Lemons and Felsing, 1943",AC,,,,,,
2-Methylpentane,107-83-5,26.9 ± 0.2,353.,C,"Lemons and Felsing, 1943",AC,,,,,,
3-Methylpentane,96-14-0,28.06,336.4,N/A,"Majer and Svoboda, 1985",,,,,,,
3-Methylpentane,96-14-0,29.9,331.,N/A,"Loras, Aucejo, et al., 1999",Based on data from 316. to 361. K.;AC,,,,,,
3-Methylpentane,96-14-0,30.5,308.,A,"Stephenson and Malanowski, 1987",Based on data from 293. to 338. K.;AC,,,,,,
3-Methylpentane,96-14-0,29.5 ± 0.1,313.,C,"Majer, Svoboda, et al., 1979",AC,,,,,,
3-Methylpentane,96-14-0,28.3 ± 0.1,333.,C,"Majer, Svoboda, et al., 1979",AC,,,,,,
3-Methylpentane,96-14-0,27.0 ± 0.1,353.,C,"Majer, Svoboda, et al., 1979",AC,,,,,,
3-Methylpentane,96-14-0,30.00 ± 0.008,303.1,C,"Waddington, Smith, et al., 1949",ALS,,,,,,
3-Methylpentane,96-14-0,30.0 ± 0.1,303.,C,"Waddington, Smith, et al., 1949",AC,,,,,,
3-Methylpentane,96-14-0,28.8 ± 0.1,324.,C,"Waddington, Smith, et al., 1949",AC,,,,,,
3-Methylpentane,96-14-0,28.1 ± 0.1,336.,C,"Waddington, Smith, et al., 1949",AC,,,,,,
3-Methylpentane,96-14-0,30.2,303.,MM,"Willingham, Taylor, et al., 1945",Based on data from 288. to 337. K.;AC,,,,,,
3-Methylpentane,96-14-0,,A (kJ/mol),,,,,,,45.24,,
3-Methylpentane,96-14-0,,α,,,,,,,0.,,
3-Methylpentane,96-14-0,,β,,,,,,,0.2703,,
3-Methylpentane,96-14-0,,Tc(K),,,,,,,504.4,,
3-Methylpentane,96-14-0,,Reference,,,,,,,"Majer and Svoboda, 1985",,
"2,2-Dimethylbutane",75-83-2,26.31,322.9,N/A,"Majer and Svoboda, 1985",,,,,,,
"2,2-Dimethylbutane",75-83-2,28.7,288.,N/A,"Nicolini and Laffitte, 1949","Based on data from 273. to 318. K. See alsoBoublik, Fried, et al., 1984.;AC",,,,,,
"2,2-Dimethylbutane",75-83-2,27.8 ± 0.1,296.,C,"Waddington and Douslin, 1947",AC,,,,,,
"2,2-Dimethylbutane",75-83-2,26.3 ± 0.1,323.,C,"Waddington and Douslin, 1947",AC,,,,,,
"2,2-Dimethylbutane",75-83-2,29.2,274.,N/A,"Kilpatrick and Pitzer, 1946",Based on data from 211. to 289. K.;AC,,,,,,
"2,2-Dimethylbutane",75-83-2,28.3,303.,MM,"Willingham, Taylor, et al., 1945",Based on data from 288. to 323. K.;AC,,,,,,
"2,3-Dimethylbutane",79-29-8,27.38,331.1,N/A,"Majer and Svoboda, 1985",,,,,,,
"2,3-Dimethylbutane",79-29-8,29.24 ± 0.01,295.8,C,"Waddington, Smith, et al., 1949",ALS,,,,,,
"2,3-Dimethylbutane",79-29-8,29.2 ± 0.1,296.,C,"Waddington, Smith, et al., 1949",AC,,,,,,
"2,3-Dimethylbutane",79-29-8,28.9 ± 0.1,303.,C,"Waddington, Smith, et al., 1949",AC,,,,,,
"2,3-Dimethylbutane",79-29-8,28.3 ± 0.1,313.,C,"Waddington, Smith, et al., 1949",AC,,,,,,
"2,3-Dimethylbutane",79-29-8,27.3 ± 0.1,331.,C,"Waddington, Smith, et al., 1949",AC,,,,,,
"2,3-Dimethylbutane",79-29-8,29.6,302.,MM,"Willingham, Taylor, et al., 1945",Based on data from 287. to 332. K.;AC,,,,,,
"2,3-Dimethylbutane",79-29-8,29.2 ± 0.1,293.,C,"Lemons and Felsing, 1943",AC,,,,,,
"2,3-Dimethylbutane",79-29-8,28.2 ± 0.1,313.,C,"Lemons and Felsing, 1943",AC,,,,,,
"2,3-Dimethylbutane",79-29-8,27.0 ± 0.1,333.,C,"Lemons and Felsing, 1943",AC,,,,,,
"2,3-Dimethylbutane",79-29-8,26.1 ± 0.1,353.,C,"Lemons and Felsing, 1943",AC,,,,,,
2-Methylhexane,591-76-4,30.62,363.2,N/A,"Majer and Svoboda, 1985",,,,,,,
2-Methylhexane,591-76-4,34.6,311.,A,"Stephenson and Malanowski, 1987",Based on data from 296. to 365. K.;AC,,,,,,
2-Methylhexane,591-76-4,33.9 ± 0.1,313.,C,"Majer, Svoboda, et al., 1979",AC,,,,,,
2-Methylhexane,591-76-4,32.7 ± 0.1,333.,C,"Majer, Svoboda, et al., 1979",AC,,,,,,
2-Methylhexane,591-76-4,31.3 ± 0.1,353.,C,"Majer, Svoboda, et al., 1979",AC,,,,,,
2-Methylhexane,591-76-4,34.8,306.,N/A,"Forziati, Norris, et al., 1949",Based on data from 291. to 364. K.;AC,,,,,,
3-Methylhexane,589-34-4,30.89,365.,N/A,"Majer and Svoboda, 1985",,,,,,,
3-Methylhexane,589-34-4,35.1,304.,A,"Stephenson and Malanowski, 1987",Based on data from 289. to 366. K.;AC,,,,,,
3-Methylhexane,589-34-4,34.2 ± 0.1,313.,C,"Majer, Svoboda, et al., 1979",AC,,,,,,
3-Methylhexane,589-34-4,32.9 ± 0.1,333.,C,"Majer, Svoboda, et al., 1979",AC,,,,,,
3-Methylhexane,589-34-4,31.7 ± 0.1,353.,C,"Majer, Svoboda, et al., 1979",AC,,,,,,
3-Methylhexane,589-34-4,34.9,308.,N/A,"Forziati, Norris, et al., 1949",Based on data from 293. to 366. K.;AC,,,,,,
"2,2,4-Trimethylpentane",540-84-1,30.79,372.4,N/A,"Majer and Svoboda, 1985",,,,,,,
"2,2,4-Trimethylpentane",540-84-1,36.1,304.,N/A,"Wu, Pividal, et al., 1991",Based on data from 289. to 333. K.;AC,,,,,,
"2,2,4-Trimethylpentane",540-84-1,31.6,438.,A,"Stephenson and Malanowski, 1987",Based on data from 423. to 523. K.;AC,,,,,,
"2,2,4-Trimethylpentane",540-84-1,32.2,387.,A,"Stephenson and Malanowski, 1987",Based on data from 372. to 416. K.;AC,,,,,,
"2,2,4-Trimethylpentane",540-84-1,31.5,428.,A,"Stephenson and Malanowski, 1987",Based on data from 413. to 494. K.;AC,,,,,,
"2,2,4-Trimethylpentane",540-84-1,31.4,505.,A,"Stephenson and Malanowski, 1987",Based on data from 490. to 544. K.;AC,,,,,,
"2,2,4-Trimethylpentane",540-84-1,40.7,209.,A,"Stephenson and Malanowski, 1987","Based on data from 194. to 299. K. See alsoMilazzo, 1956.;AC",,,,,,
"2,2,4-Trimethylpentane",540-84-1,34.8,312.,"A,MM","Stephenson and Malanowski, 1987","Based on data from 297. to 374. K. See alsoWillingham, Taylor, et al., 1945.;AC",,,,,,
"2,2,4-Trimethylpentane",540-84-1,34.4 ± 0.1,313.,C,"Svoboda, Charvátová, et al., 1982",AC,,,,,,
"2,2,4-Trimethylpentane",540-84-1,33.4 ± 0.1,328.,C,"Svoboda, Charvátová, et al., 1982",AC,,,,,,
"2,2,4-Trimethylpentane",540-84-1,32.6 ± 0.1,343.,C,"Svoboda, Charvátová, et al., 1982",AC,,,,,,
"2,2,4-Trimethylpentane",540-84-1,31.7 ± 0.1,358.,C,"Svoboda, Charvátová, et al., 1982",AC,,,,,,
"2,2,4-Trimethylpentane",540-84-1,31.0 ± 0.1,368.,C,"Svoboda, Charvátová, et al., 1982",AC,,,,,,
"2,2,4-Trimethylpentane",540-84-1,34.3 ± 0.1,313.,C,"Majer, Svoboda, et al., 1979",AC,,,,,,
"2,2,4-Trimethylpentane",540-84-1,33.2 ± 0.1,333.,C,"Majer, Svoboda, et al., 1979",AC,,,,,,
"2,2,4-Trimethylpentane",540-84-1,32.0 ± 0.1,353.,C,"Majer, Svoboda, et al., 1979",AC,,,,,,
"2,2,4-Trimethylpentane",540-84-1,31.0,371.,C,"Pitzer K.S., 1940",AC,,,,,,
"2,2,4-Trimethylpentane",540-84-1,33.9,333.,EB,"Smith, 1940",Based on data from 318. to 399. K.;AC,,,,,,
2-Methylheptane,592-27-8,33.26,390.8,N/A,"Majer and Svoboda, 1985",,,,,,,
2-Methylheptane,592-27-8,39.8,300.,A,"Stephenson and Malanowski, 1987",Based on data from 285. to 392. K.;AC,,,,,,
2-Methylheptane,592-27-8,41.6,268.,IP,"Stephenson and Malanowski, 1987","Based on data from 233. to 283. K. See alsoOsborn and Douslin, 1974.;AC",,,,,,
2-Methylheptane,592-27-8,38.7 ± 0.1,313.,C,"Majer, Svoboda, et al., 1979",AC,,,,,,
2-Methylheptane,592-27-8,37.3 ± 0.1,333.,C,"Majer, Svoboda, et al., 1979",AC,,,,,,
2-Methylheptane,592-27-8,36.0 ± 0.1,353.,C,"Majer, Svoboda, et al., 1979",AC,,,,,,
2-Methylheptane,592-27-8,38.1,330.,MM,"Willingham, Taylor, et al., 1945",Based on data from 315. to 391. K.;AC,,,,,,
2-Methyloctane,3221-61-2,43.2,320.,A,"Stephenson and Malanowski, 1987",Based on data from 305. to 417. K.;AC,,,,,,
2-Methylnonane,871-83-0,38.23,440.2,N/A,"Majer and Svoboda, 1985",,,,,,,
2-Methylnonane,871-83-0,46.4 ± 0.2,339.,A,"Stephenson and Malanowski, 1987",Based on data from 324. to 441. K.;AC,,,,,,
2-Methylnonane,871-83-0,47.3 ± 0.2,328.,C,"Majer, Svoboda, et al., 1984",AC,,,,,,
2-Methylnonane,871-83-0,46.2 ± 0.2,343.,C,"Majer, Svoboda, et al., 1984",AC,,,,,,
2-Methylnonane,871-83-0,45.0 ± 0.2,358.,C,"Majer, Svoboda, et al., 1984",AC,,,,,,
2-Methyldecane,6975-98-0,40.25,462.4,N/A,"Majer and Svoboda, 1985",,,,,,,
2-Methyldecane,6975-98-0,55.5,288.,A,"Stephenson and Malanowski, 1987",Based on data from 273. to 353. K.;AC,,,,,,
2-Methyldecane,6975-98-0,47.4,394.,A,"Stephenson and Malanowski, 1987",Based on data from 379. to 463. K.;AC,,,,,,
2-Methyldecane,6975-98-0,51.9,328.,C,"Majer, Svoboda, et al., 1984",AC,,,,,,
2-Methyldecane,6975-98-0,50.6,343.,C,"Majer, Svoboda, et al., 1984",AC,,,,,,
2-Methyldecane,6975-98-0,49.5,358.,C,"Majer, Svoboda, et al., 1984",AC,,,,,,
2-Methyldecane,6975-98-0,55.4,283.,IP,"Osborn and Douslin, 1974",Based on data from 273. to 293. K.;AC,,,,,,
Cyclopentane,287-92-3,27.3,322.4,N/A,"Majer and Svoboda, 1985",,,,,,,
Cyclopentane,287-92-3,29.213,298.15,N/A,"Aston, Fink, et al., 1943",P = 41.10 kPa;DH,,,,,,
Cyclopentane,287-92-3,29.2,295.,A,"Stephenson and Malanowski, 1987",Based on data from 280. to 331. K.;AC,,,,,,
Cyclopentane,287-92-3,28.0,337.,A,"Stephenson and Malanowski, 1987",Based on data from 322. to 384. K.;AC,,,,,,
Cyclopentane,287-92-3,27.2,396.,A,"Stephenson and Malanowski, 1987",Based on data from 381. to 455. K.;AC,,,,,,
Cyclopentane,287-92-3,27.5,467.,A,"Stephenson and Malanowski, 1987",Based on data from 452. to 511. K.;AC,,,,,,
Cyclopentane,287-92-3,27.9 ± 0.1,310.,C,"McCullough, Pennington, et al., 1959",AC,,,,,,
Cyclopentane,287-92-3,27.3 ± 0.1,322.,C,"McCullough, Pennington, et al., 1959",AC,,,,,,
Cyclopentane,287-92-3,27.4,323.,N/A,"Spitzer and Pitzer, 1946",AC,,,,,,
Cyclopentane,287-92-3,29.0,304.,MM,"Willingham, Taylor, et al., 1945",Based on data from 289. to 323. K.;AC,,,,,,
Methylcyclopentane,96-37-7,29.08,345.,N/A,"Majer and Svoboda, 1985",,,,,,,
Methylcyclopentane,96-37-7,31.4,315.,N/A,"Sapei, Uusi-Kyyny, et al., 2010",Based on data from 300. to 345. K.;AC,,,,,,
Methylcyclopentane,96-37-7,31.9,303.,"A,MM","Stephenson and Malanowski, 1987","Based on data from 288. to 346. K. See alsoWillingham, Taylor, et al., 1945.;AC",,,,,,
Methylcyclopentane,96-37-7,31.33 ± 0.02,304.,V,"McCullough, Pennington, et al., 1959",ALS,,,,,,
Methylcyclopentane,96-37-7,31.3 ± 0.1,304.,C,"McCullough, Pennington, et al., 1959",AC,,,,,,
Methylcyclopentane,96-37-7,30.2 ± 0.1,326.,C,"McCullough, Pennington, et al., 1959",AC,,,,,,
Methylcyclopentane,96-37-7,29.1 ± 0.1,345.,C,"McCullough, Pennington, et al., 1959",AC,,,,,,
Cyclohexane,110-82-7,29.97,353.9,N/A,"Majer and Svoboda, 1985",,,,,,,
Cyclohexane,110-82-7,33.334,298.15,N/A,"Aston, Szasa, et al., 1943",P = 13.18 kPa;DH,,,,,,
Cyclohexane,110-82-7,33.1,315.,EB,"Gierycz, Kosowski, et al., 2009",Based on data from 296. to 353. K.;AC,,,,,,
Cyclohexane,110-82-7,32.7,315.,N/A,"Lubomska, Banas, et al., 2002",Based on data from 300. to 345. K.;AC,,,,,,
Cyclohexane,110-82-7,31.9,324.,EB,"Diogo, Santos, et al., 1995",Based on data from 313. to 336. K.;AC,,,,,,
Cyclohexane,110-82-7,32.2,375.,N/A,"Lee and Holder, 1993",Based on data from 360. to 470. K.;AC,,,,,,
Cyclohexane,110-82-7,32.3,314.,C,"Dong, Lin, et al., 1988",AC,,,,,,
Cyclohexane,110-82-7,31.1,332.,C,"Dong, Lin, et al., 1988",AC,,,,,,
Cyclohexane,110-82-7,30.3,345.,C,"Dong, Lin, et al., 1988",AC,,,,,,
Cyclohexane,110-82-7,30.0,355.,C,"Dong, Lin, et al., 1988",AC,,,,,,
Cyclohexane,110-82-7,30.9,368.,A,"Stephenson and Malanowski, 1987",Based on data from 353. to 414. K.;AC,,,,,,
Cyclohexane,110-82-7,29.6,427.,A,"Stephenson and Malanowski, 1987",Based on data from 412. to 491. K.;AC,,,,,,
Cyclohexane,110-82-7,29.6,504.,A,"Stephenson and Malanowski, 1987",Based on data from 489. to 553. K.;AC,,,,,,
Cyclohexane,110-82-7,32.9,308.,"A,MM","Stephenson and Malanowski, 1987","Based on data from 293. to 355. K. See alsoWillingham, Taylor, et al., 1945.;AC",,,,,,
Cyclohexane,110-82-7,32.3 ± 0.1,313.,C,"Majer, Svoboda, et al., 1979",AC,,,,,,
Cyclohexane,110-82-7,31.2 ± 0.1,333.,C,"Majer, Svoboda, et al., 1979",AC,,,,,,
Cyclohexane,110-82-7,31.0 ± 0.1,338.,C,"Majer, Svoboda, et al., 1979",AC,,,,,,
Cyclohexane,110-82-7,30.4 ± 0.1,348.,C,"Majer, Svoboda, et al., 1979",AC,,,,,,
Cyclohexane,110-82-7,30.1 ± 0.1,353.,C,"Majer, Svoboda, et al., 1979",AC,,,,,,
Cyclohexane,110-82-7,32.2 ± 0.1,313.,C,"Svoboda, Veselý, et al., 1973",AC,,,,,,
Cyclohexane,110-82-7,31.9 ± 0.1,323.,C,"Svoboda, Veselý, et al., 1973",AC,,,,,,
Cyclohexane,110-82-7,31.1 ± 0.1,333.,C,"Svoboda, Veselý, et al., 1973",AC,,,,,,
Cyclohexane,110-82-7,30.6 ± 0.1,343.,C,"Svoboda, Veselý, et al., 1973",AC,,,,,,
Cyclohexane,110-82-7,30.1 ± 0.1,354.,C,"Svoboda, Veselý, et al., 1973",AC,,,,,,
Cyclohexane,110-82-7,32.5,318.,N/A,"Gaw and Swinton, 1968",Based on data from 303. to 343. K.;AC,,,,,,
Cyclohexane,110-82-7,32.9,313.,N/A,"Cruickshank and Cutler, 1967",Based on data from 298. to 348. K.;AC,,,,,,
Cyclohexane,110-82-7,32.8,331.,N/A,"Marinichev and Susarev, 1965",Based on data from 316. to 354. K.;AC,,,,,,
Cyclohexane,110-82-7,31.4 ± 0.1,324.,C,"McCullough, Person, et al., 1951",AC,,,,,,
Cyclohexane,110-82-7,30.4 ± 0.1,346.,C,"McCullough, Person, et al., 1951",AC,,,,,,
Cyclohexane,110-82-7,30.1,354.,N/A,"Spitzer and Pitzer, 1946",AC,,,,,,
Cyclohexane,110-82-7,,A (kJ/mol),,,,,,,,43.32,
Cyclohexane,110-82-7,,α,,,,,,,,-0.1437,
Cyclohexane,110-82-7,,β,,,,,,,,0.4512,
Cyclohexane,110-82-7,,Tc(K),,,,,,,,553.4,
Cyclohexane,110-82-7,,Reference,,,,,,,,"Majer and Svoboda, 1985",
Methylcyclohexane,108-87-2,31.27,374.1,N/A,"Majer and Svoboda, 1985",,,,,,,
Methylcyclohexane,108-87-2,33.8,340.,N/A,"Sapei, Uusi-Kyyny, et al., 2010",Based on data from 325. to 374. K.;AC,,,,,,
Methylcyclohexane,108-87-2,36.2,310.,N/A,"Wu, Pividal, et al., 1991",Based on data from 295. to 333. K.;AC,,,,,,
Methylcyclohexane,108-87-2,32.3,388.,A,"Stephenson and Malanowski, 1987",Based on data from 373. to 511. K.;AC,,,,,,
Methylcyclohexane,108-87-2,31.2,516.,A,"Stephenson and Malanowski, 1987",Based on data from 501. to 573. K.;AC,,,,,,
Methylcyclohexane,108-87-2,34.6,323.,A,"Stephenson and Malanowski, 1987","Based on data from 308. to 368. K. See alsoValerga, 1970andBoublik, Fried, et al., 1984.;AC",,,,,,
Methylcyclohexane,108-87-2,32.2,353.,N/A,"Eubank, Cediel, et al., 1984",AC,,,,,,
Methylcyclohexane,108-87-2,29.9,393.,N/A,"Eubank, Cediel, et al., 1984",AC,,,,,,
Methylcyclohexane,108-87-2,26.9,433.,N/A,"Eubank, Cediel, et al., 1984",AC,,,,,,
Methylcyclohexane,108-87-2,23.4,473.,N/A,"Eubank, Cediel, et al., 1984",AC,,,,,,
Methylcyclohexane,108-87-2,34.6 ± 0.1,313.,C,"Majer, Svoboda, et al., 1979",AC,,,,,,
Methylcyclohexane,108-87-2,33.5 ± 0.1,333.,C,"Majer, Svoboda, et al., 1979",AC,,,,,,
Methylcyclohexane,108-87-2,32.5 ± 0.1,353.,C,"Majer, Svoboda, et al., 1979",AC,,,,,,
Methylcyclohexane,108-87-2,31.8,374.,N/A,"Spitzer and Pitzer, 1946",AC,,,,,,
Methylcyclohexane,108-87-2,34.9,314.,MM,"Willingham, Taylor, et al., 1945",Based on data from 299. to 375. K.;AC,,,,,,
Methylcyclohexane,108-87-2,36.1,288.,N/A,"Stuckey and Saylor, 1940",Based on data from 273. to 348. K.;AC,,,,,,
Ethylcyclopentane,1640-89-7,31.96,376.6,N/A,"Majer and Svoboda, 1985",,,,,,,
Ethylcyclopentane,1640-89-7,35.5,323.,A,"Stephenson and Malanowski, 1987",Based on data from 308. to 387. K.;AC,,,,,,
Ethylcyclopentane,1640-89-7,32.9,401.,A,"Stephenson and Malanowski, 1987",Based on data from 386. to 507. K.;AC,,,,,,
Ethylcyclopentane,1640-89-7,31.9,514.,A,"Stephenson and Malanowski, 1987",Based on data from 499. to 569. K.;AC,,,,,,
Ethylcyclopentane,1640-89-7,35.6 ± 0.1,313.,C,"Svoboda, Charvátová, et al., 1981",AC,,,,,,
Ethylcyclopentane,1640-89-7,34.8 ± 0.1,328.,C,"Svoboda, Charvátová, et al., 1981",AC,,,,,,
Ethylcyclopentane,1640-89-7,33.9 ± 0.1,343.,C,"Svoboda, Charvátová, et al., 1981",AC,,,,,,
Ethylcyclopentane,1640-89-7,33.0 ± 0.1,358.,C,"Svoboda, Charvátová, et al., 1981",AC,,,,,,
Ethylcyclopentane,1640-89-7,32.5 ± 0.1,368.,C,"Svoboda, Charvátová, et al., 1981",AC,,,,,,
Ethylcyclopentane,1640-89-7,35.7,317.,N/A,"Forziati, Norris, et al., 1949",Based on data from 302. to 377. K.;AC,,,,,,
Ethylcyclohexane,1678-91-7,34.04,405.,N/A,"Majer and Svoboda, 1985",,,,,,,
Ethylcyclohexane,1678-91-7,38.6,338.,"A,MM","Stephenson and Malanowski, 1987","Based on data from 323. to 407. K. See alsoWillingham, Taylor, et al., 1945.;AC",,,,,,
Ethylcyclohexane,1678-91-7,39.8 ± 0.1,313.,C,"Svoboda, Charvátová, et al., 1981",AC,,,,,,
Ethylcyclohexane,1678-91-7,38.9 ± 0.1,328.,C,"Svoboda, Charvátová, et al., 1981",AC,,,,,,
Ethylcyclohexane,1678-91-7,37.9 ± 0.1,343.,C,"Svoboda, Charvátová, et al., 1981",AC,,,,,,
Ethylcyclohexane,1678-91-7,37.0 ± 0.1,358.,C,"Svoboda, Charvátová, et al., 1981",AC,,,,,,
Ethylcyclohexane,1678-91-7,36.3 ± 0.1,368.,C,"Svoboda, Charvátová, et al., 1981",AC,,,,,,
Propylcyclohexane,1678-92-8,41.7,361.,"A,MM","Stephenson and Malanowski, 1987","Based on data from 346. to 431. K. See alsoStull, 1947andForziati, Norris, et al., 1949.;AC",,,,,,
Butylcyclohexane,1678-93-9,47.4 ± 0.2,294.,GS,"Chickos, Hesse, et al., 1995",Based on data from 274. to 313. K.;AC,,,,,,
Butylcyclohexane,1678-93-9,44.9,382.,A,"Stephenson and Malanowski, 1987","Based on data from 367. to 457. K. See alsoForziati, Norris, et al., 1949.;AC",,,,,,
trans-Decalin,493-02-7,44.2,378.,"A,GS","Stephenson and Malanowski, 1987","Based on data from 363. to 461. K. See alsoCamin and Rossini, 1955.;AC",,,,,,
cis-Decalin,493-01-6,45.5,386.,"A,GS","Stephenson and Malanowski, 1987","Based on data from 371. to 473. K. See alsoCamin and Rossini, 1955.;AC",,,,,,
Bicyclohexyl,92-51-3,53.8,346.,A,"Stephenson and Malanowski, 1987",Based on data from 331. to 511. K.;AC,,,,,,
Bicyclohexyl,92-51-3,50.1,435.,N/A,"Wieczorek and Kobayashi, 1981",AC,,,,,,
Bicyclohexyl,92-51-3,42.5,525.,N/A,"Wieczorek and Kobayashi, 1981",AC,,,,,,
Benzene,71-43-2,30.72,353.3,N/A,"Majer and Svoboda, 1985",,,,,,,
Benzene,71-43-2,33.2,320.,N/A,"Lubomska, Banas, et al., 2002",Based on data from 305. to 345. K.;AC,,,,,,
Benzene,71-43-2,35.6,258. to 313.,GC,"Liu and Dickhut, 1994",AC,,,,,,
Benzene,71-43-2,33.5,311.,EB,"Ambrose, Ewing, et al., 1990",Based on data from 296. to 377. K.;AC,,,,,,
Benzene,71-43-2,33.4,307.,C,"Dong, Lin, et al., 1988",AC,,,,,,
Benzene,71-43-2,33.1,314.,C,"Dong, Lin, et al., 1988",AC,,,,,,
Benzene,71-43-2,32.4,324.,C,"Dong, Lin, et al., 1988",AC,,,,,,
Benzene,71-43-2,31.9,332.,C,"Dong, Lin, et al., 1988",AC,,,,,,
Benzene,71-43-2,31.4,344.,C,"Dong, Lin, et al., 1988",AC,,,,,,
Benzene,71-43-2,30.6,353.,C,"Dong, Lin, et al., 1988",AC,,,,,,
Benzene,71-43-2,34.4,294.,A,"Stephenson and Malanowski, 1987",Based on data from 279. to 377. K.;AC,,,,,,
Benzene,71-43-2,31.5,368.,A,"Stephenson and Malanowski, 1987",Based on data from 353. to 422. K.;AC,,,,,,
Benzene,71-43-2,30.2,435.,A,"Stephenson and Malanowski, 1987",Based on data from 420. to 502. K.;AC,,,,,,
Benzene,71-43-2,30.3,516.,A,"Stephenson and Malanowski, 1987",Based on data from 501. to 562. K.;AC,,,,,,
Benzene,71-43-2,30.8,352.,N/A,"Natarajan, 1983",AC,,,,,,
Benzene,71-43-2,30.5,361.,N/A,"Natarajan, 1983",AC,,,,,,
Benzene,71-43-2,30.2,366.,N/A,"Natarajan, 1983",AC,,,,,,
Benzene,71-43-2,35.3,343.,N/A,"Tsonopoulos and Wilson, 1983",Based on data from 313. to 373. K.;AC,,,,,,
Benzene,71-43-2,31.,350.,N/A,"Rao and Viswanath, 1977",AC,,,,,,
Benzene,71-43-2,33.0 ± 0.1,313.,C,"Svoboda, Veselý, et al., 1973",AC,,,,,,
Benzene,71-43-2,32.2 ± 0.1,328.,C,"Svoboda, Veselý, et al., 1973",AC,,,,,,
Benzene,71-43-2,31.8 ± 0.1,333.,C,"Svoboda, Veselý, et al., 1973",AC,,,,,,
Benzene,71-43-2,31.4 ± 0.1,343.,C,"Svoboda, Veselý, et al., 1973",AC,,,,,,
Benzene,71-43-2,30.9 ± 0.1,353.,C,"Svoboda, Veselý, et al., 1973",AC,,,,,,
Benzene,71-43-2,32.6 ± 0.4,313.,DSC,"Mita, Imai, et al., 1971",AC,,,,,,
Benzene,71-43-2,32.5 ± 0.5,328.,DSC,"Mita, Imai, et al., 1971",AC,,,,,,
Benzene,71-43-2,31.6 ± 0.4,345.,DSC,"Mita, Imai, et al., 1971",AC,,,,,,
Benzene,71-43-2,34.1,299.,N/A,"Forziati, Norris, et al., 1949",Based on data from 284. to 354. K.;AC,,,,,,
Benzene,71-43-2,34.1,293.,N/A,"Yarym-Agaev, Fedos'ev, et al., 1949",AC,,,,,,
Benzene,71-43-2,34.1,297.,N/A,"Thomson, 1946",Based on data from 282. to 354. K.;AC,,,,,,
Benzene,71-43-2,31.2,294.,N/A,"Scott and Brickwedde, 1945",AC,,,,,,
Benzene,71-43-2,34.1,303.,MM,"Willingham, Taylor, et al., 1945",Based on data from 288. to 354. K.;AC,,,,,,
Benzene,71-43-2,33.4,313.,EB,"Smith, 1941",Based on data from 298. to 373. K.;AC,,,,,,
Benzene,71-43-2,34.5,288.,N/A,"Stuckey and Saylor, 1940",Based on data from 273. to 348. K.;AC,,,,,,
Benzene,71-43-2,,A (kJ/mol),,,,,,,,,47.41
Benzene,71-43-2,,α,,,,,,,,,0.1231
Benzene,71-43-2,,β,,,,,,,,,0.3602
Benzene,71-43-2,,Tc(K),,,,,,,,,562.1
Benzene,71-43-2,,Reference,,,,,,,,,"Majer and Svoboda, 1985"
Toluene,108-88-3,33.18,383.8,N/A,"Majer and Svoboda, 1985",,,,,,,
Toluene,108-88-3,35.7,346.,N/A,"Lee and Holder, 1993",Based on data from 331. to 496. K.;AC,,,,,,
Toluene,108-88-3,40.6,264.,A,"Stephenson and Malanowski, 1987",Based on data from 210. to 279. K.;AC,,,,,,
Toluene,108-88-3,34.4,398.,A,"Stephenson and Malanowski, 1987",Based on data from 383. to 445. K.;AC,,,,,,
Toluene,108-88-3,33.2,455.,A,"Stephenson and Malanowski, 1987",Based on data from 440. to 531. K.;AC,,,,,,
Toluene,108-88-3,33.3,545.,A,"Stephenson and Malanowski, 1987",Based on data from 530. to 592. K.;AC,,,,,,
Toluene,108-88-3,38.9,284.,A,"Stephenson and Malanowski, 1987",Based on data from 273. to 295. K.;AC,,,,,,
Toluene,108-88-3,37.0,323.,N/A,"Stephenson and Malanowski, 1987","Based on data from 308. to 386. K. See alsoForziati, Norris, et al., 1949.;AC",,,,,,
Toluene,108-88-3,33.5 ± 0.1,380.,C,"Natarajan and Viswanath, 1985",AC,,,,,,
Toluene,108-88-3,32.1 ± 0.1,403.,C,"Natarajan and Viswanath, 1985",AC,,,,,,
Toluene,108-88-3,29.4 ± 0.1,441.,C,"Natarajan and Viswanath, 1985",AC,,,,,,
Toluene,108-88-3,27.1 ± 0.1,470.,C,"Natarajan and Viswanath, 1985",AC,,,,,,
Toluene,108-88-3,24.0 ± 0.1,505.,C,"Natarajan and Viswanath, 1985",AC,,,,,,
Toluene,108-88-3,35.4,333.,N/A,"Eubank, Cediel, et al., 1984",AC,,,,,,
Toluene,108-88-3,33.4,373.,N/A,"Eubank, Cediel, et al., 1984",AC,,,,,,
Toluene,108-88-3,31.4,413.,N/A,"Eubank, Cediel, et al., 1984",AC,,,,,,
Toluene,108-88-3,28.4,453.,N/A,"Eubank, Cediel, et al., 1984",AC,,,,,,
Toluene,108-88-3,24.0,493.,N/A,"Eubank, Cediel, et al., 1984",AC,,,,,,
Toluene,108-88-3,35.4,360.,N/A,"Rivenq, 1975",Based on data from 343. to 383. K.;AC,,,,,,
Toluene,108-88-3,37.3,318.,N/A,"Gaw and Swinton, 1968",Based on data from 303. to 343. K.;AC,,,,,,
Toluene,108-88-3,36.9,303.,N/A,"Van Ness, Soczek, et al., 1967",Based on data from 288. to 348. K.;AC,,,,,,
Toluene,108-88-3,35.65,341.27,V,"Scott, Gutherie, et al., 1962",low T and vapor flow calorimetry;ALS,,,,,,
Toluene,108-88-3,37.8,278.,N/A,"Milazzo, 1956",Based on data from 210. to 293. K.;AC,,,,,,
Toluene,108-88-3,37.8,301.,N/A,"Thomson, 1946",Based on data from 286. to 362. K.;AC,,,,,,
Toluene,108-88-3,37.0,323.,MM,"Willingham, Taylor, et al., 1945",Based on data from 308. to 384. K.;AC,,,,,,
Toluene,108-88-3,38.8,288.,N/A,"Pitzer and Scott, 1943",Based on data from 273. to 323. K.;AC,,,,,,
Ethylbenzene,100-41-4,35.57,409.3,N/A,"Majer and Svoboda, 1985",,,,,,,
Ethylbenzene,100-41-4,42.490,294.01,N/A,"Scott and Brickwedde, 1945, 2",DH,,,,,,
Ethylbenzene,100-41-4,41.8,313.,A,"Stephenson and Malanowski, 1987",Based on data from 298. to 420. K.;AC,,,,,,
Ethylbenzene,100-41-4,37.0,424.,A,"Stephenson and Malanowski, 1987",Based on data from 409. to 459. K.;AC,,,,,,
Ethylbenzene,100-41-4,35.8,472.,A,"Stephenson and Malanowski, 1987",Based on data from 457. to 554. K.;AC,,,,,,
Ethylbenzene,100-41-4,35.5,564.,A,"Stephenson and Malanowski, 1987",Based on data from 549. to 617. K.;AC,,,,,,
Ethylbenzene,100-41-4,40.6,335.,N/A,"Paul, Krug, et al., 1986",Based on data from 320. to 400. K.;AC,,,,,,
Ethylbenzene,100-41-4,40.5 ± 0.1,328.,C,"Svoboda, Charvátová, et al., 1982",AC,,,,,,
Ethylbenzene,100-41-4,39.5 ± 0.1,343.,C,"Svoboda, Charvátová, et al., 1982",AC,,,,,,
Ethylbenzene,100-41-4,38.6 ± 0.1,358.,C,"Svoboda, Charvátová, et al., 1982",AC,,,,,,
Ethylbenzene,100-41-4,40.0,345.,MM,"Willingham, Taylor, et al., 1945","Based on data from 330. to 410. K. See alsoForziati, Norris, et al., 1949.;AC",,,,,,
o-Xylene,95-47-6,36.24,417.6,N/A,"Majer and Svoboda, 1985",,,,,,,
o-Xylene,95-47-6,41.1,348.,A,"Stephenson and Malanowski, 1987",Based on data from 333. to 419. K.;AC,,,,,,
o-Xylene,95-47-6,38.0,431.,A,"Stephenson and Malanowski, 1987",Based on data from 416. to 473. K.;AC,,,,,,
o-Xylene,95-47-6,36.7,486.,A,"Stephenson and Malanowski, 1987",Based on data from 471. to 571. K.;AC,,,,,,
o-Xylene,95-47-6,36.7,582.,A,"Stephenson and Malanowski, 1987",Based on data from 567. to 630. K.;AC,,,,,,
o-Xylene,95-47-6,39.8,401.,N/A,"Castellari, Francesconi, et al., 1982",Based on data from 386. to 416. K.;AC,,,,,,
o-Xylene,95-47-6,40.8,352.,MM,"Willingham, Taylor, et al., 1945","Based on data from 337. to 419. K. See alsoForziati, Norris, et al., 1949.;AC",,,,,,
o-Xylene,95-47-6,45.0,288.,N/A,"Pitzer and Scott, 1943","Based on data from 273. to 323. K. See alsoBoublik, Fried, et al., 1984.;AC",,,,,,
m-Xylene,108-38-3,35.66,412.3,N/A,"Majer and Svoboda, 1985",,,,,,,
m-Xylene,108-38-3,39.2,375.,N/A,"Swiatek and Malanowski, 2002",Based on data from 360. to 410. K.;AC,,,,,,
m-Xylene,108-38-3,40.7,342.,N/A,"Park and Gmehling, 1989",Based on data from 327. to 412. K.;AC,,,,,,
m-Xylene,108-38-3,44.7,282.,A,"Stephenson and Malanowski, 1987",Based on data from 267. to 301. K.;AC,,,,,,
m-Xylene,108-38-3,37.5,427.,A,"Stephenson and Malanowski, 1987",Based on data from 412. to 462. K.;AC,,,,,,
m-Xylene,108-38-3,36.4,476.,A,"Stephenson and Malanowski, 1987",Based on data from 461. to 554. K.;AC,,,,,,
m-Xylene,108-38-3,36.2,565.,A,"Stephenson and Malanowski, 1987",Based on data from 550. to 617. K.;AC,,,,,,
m-Xylene,108-38-3,40.4,346.,MM,"Stephenson and Malanowski, 1987","Based on data from 331. to 415. K. See alsoWillingham, Taylor, et al., 1945andForziati, Norris, et al., 1949.;AC",,,,,,
m-Xylene,108-38-3,38.7,395.,N/A,"Machat, 1983",Based on data from 380. to 411. K.;AC,,,,,,
m-Xylene,108-38-3,43.2,288.,N/A,"Pitzer and Scott, 1943","Based on data from 273. to 333. K. See alsoBoublik, Fried, et al., 1984.;AC",,,,,,
p-Xylene,106-42-3,35.67,411.5,N/A,"Majer and Svoboda, 1985",,,,,,,
p-Xylene,106-42-3,40.3,353.,N/A,"Hossenlopp and Archer, 1988",AC,,,,,,
p-Xylene,106-42-3,37.3,426.,A,"Stephenson and Malanowski, 1987",Based on data from 411. to 463. K.;AC,,,,,,
p-Xylene,106-42-3,36.1,475.,A,"Stephenson and Malanowski, 1987",Based on data from 460. to 553. K.;AC,,,,,,
p-Xylene,106-42-3,36.2,566.,A,"Stephenson and Malanowski, 1987",Based on data from 551. to 616. K.;AC,,,,,,
p-Xylene,106-42-3,42.4,301.,"IP,EB","Stephenson and Malanowski, 1987","Based on data from 286. to 453. K. See alsoOsborn and Douslin, 1974.;AC",,,,,,
p-Xylene,106-42-3,36.0 ± 0.1,411.,C,"Natarajan and Viswanath, 1985",AC,,,,,,
p-Xylene,106-42-3,34.5 ± 0.1,436.,C,"Natarajan and Viswanath, 1985",AC,,,,,,
p-Xylene,106-42-3,30.5 ± 0.1,484.,C,"Natarajan and Viswanath, 1985",AC,,,,,,
p-Xylene,106-42-3,24.7 ± 0.1,540.,C,"Natarajan and Viswanath, 1985",AC,,,,,,
p-Xylene,106-42-3,37.3,395.,N/A,"Castellari, Francesconi, et al., 1982",Based on data from 380. to 410. K.;AC,,,,,,
p-Xylene,106-42-3,41.6,318.,N/A,"Gaw and Swinton, 1968",Based on data from 303. to 343. K.;AC,,,,,,
p-Xylene,106-42-3,40.1,347.,MM,"Willingham, Taylor, et al., 1945","Based on data from 332. to 413. K. See alsoForziati, Norris, et al., 1949.;AC",,,,,,
Styrene,100-42-5,42.5,260.,A,"Stephenson and Malanowski, 1987",Based on data from 245. to 334. K.;AC,,,,,,
Styrene,100-42-5,41.5,349.,A,"Stephenson and Malanowski, 1987",Based on data from 334. to 419. K.;AC,,,,,,
Styrene,100-42-5,42.5,319.,N/A,"Chaiyavech and Van Winkle, 1959",Based on data from 306. to 333. K.;AC,,,,,,
Styrene,100-42-5,43.1,318.,N/A,"Dreyer, Martin, et al., 1955",Based on data from 303. to 417. K.;AC,,,,,,
Styrene,100-42-5,40.2,348.,N/A,"Burchfield, 1942",Based on data from 306. to 389. K.;AC,,,,,,
Propylbenzene,103-65-1,42.7,363.,"A,MM","Stephenson and Malanowski, 1987","Based on data from 348. to 433. K. See alsoForziati, Norris, et al., 1949andWillingham, Taylor, et al., 1945.;AC",,,,,,
Propylbenzene,103-65-1,43.8,355.,N/A,"Paul, Krug, et al., 1986",Based on data from 340. to 391. K.;AC,,,,,,
Isopropylbenzene,98-82-8,41.2,364.,N/A,"Cepeda, Gonzalez, et al., 1989",Based on data from 349. to 426. K.;AC,,,,,,
Isopropylbenzene,98-82-8,42.1,354.,A,"Stephenson and Malanowski, 1987",Based on data from 339. to 433. K.;AC,,,,,,
Isopropylbenzene,98-82-8,41.9,358.,MM,"Forziati, Norris, et al., 1949","Based on data from 343. to 426. K. See alsoWillingham, Taylor, et al., 1945.;AC",,,,,,
"1,2,3-Trimethylbenzene",526-73-8,44.8,378.,A,"Stephenson and Malanowski, 1987","Based on data from 363. to 456. K. See alsoForziati, Norris, et al., 1949.;AC",,,,,,
"1,2,3-Trimethylbenzene",526-73-8,42.5,265.,RG,"Hopke and Sears, 1948",Based on data from 259. to 270. K.;AC,,,,,,
"1,2,4-Trimethylbenzene",95-63-6,44.1,372.,A,"Stephenson and Malanowski, 1987","Based on data from 357. to 450. K. See alsoForziati, Norris, et al., 1949.;AC",,,,,,
"1,2,4-Trimethylbenzene",95-63-6,46.5,262.,RG,"Hopke and Sears, 1948",Based on data from 257. to 267. K.;AC,,,,,,
"1,3,5-Trimethylbenzene",108-67-8,46.2 ± 1.3,319.,MM,"Wiberg and Waldron, 1991",Based on data from 296. to 342. K.;AC,,,,,,
"1,3,5-Trimethylbenzene",108-67-8,43.5,363.,N/A,"Park and Gmehling, 1989",Based on data from 348. to 424. K.;AC,,,,,,
"1,3,5-Trimethylbenzene",108-67-8,49.7,264.,A,"Stephenson and Malanowski, 1987",Based on data from 249. to 356. K.;AC,,,,,,
"1,3,5-Trimethylbenzene",108-67-8,43.9,369.,A,"Stephenson and Malanowski, 1987","Based on data from 354. to 445. K. See alsoForziati, Norris, et al., 1949.;AC",,,,,,
"1,3,5-Trimethylbenzene",108-67-8,47.7,286.,MM,"Chickos, Hyman, et al., 1981",Based on data from 273. to 299. K.;AC,,,,,,
"1,3,5-Trimethylbenzene",108-67-8,51.1,262.,RG,"Hopke and Sears, 1948",Based on data from 255. to 268. K.;AC,,,,,,
Butylbenzene,104-51-8,38.87,456.4,N/A,"Majer and Svoboda, 1985",,,,,,,
Butylbenzene,104-51-8,47.4 ± 0.2,350.,EB,"Steele, Chirico, et al., 2002","Based on data from 343. to 501. K. See alsoVerevkin, 2006.;AC",,,,,,
Butylbenzene,104-51-8,43.5 ± 0.2,410.,EB,"Steele, Chirico, et al., 2002",Based on data from 343. to 501. K.;AC,,,,,,
Butylbenzene,104-51-8,40.6 ± 0.4,450.,EB,"Steele, Chirico, et al., 2002",Based on data from 343. to 501. K.;AC,,,,,,
Butylbenzene,104-51-8,37.5 ± 0.7,490.,EB,"Steele, Chirico, et al., 2002",Based on data from 343. to 501. K.;AC,,,,,,
Butylbenzene,104-51-8,53.5,258.,N/A,"Kasehgari, Mokbel, et al., 1993",Based on data from 243. to 403. K.;AC,,,,,,
Butylbenzene,104-51-8,45.7,384.,A,"Stephenson and Malanowski, 1987","Based on data from 369. to 463. K. See alsoForziati, Norris, et al., 1949.;AC",,,,,,
Butylbenzene,104-51-8,48.0 ± 0.1,343.,C,"Svoboda, Charvátová, et al., 1982",AC,,,,,,
Butylbenzene,104-51-8,46.8 ± 0.1,358.,C,"Svoboda, Charvátová, et al., 1982",AC,,,,,,
Butylbenzene,104-51-8,46.0 ± 0.1,368.,C,"Svoboda, Charvátová, et al., 1982",AC,,,,,,
Butylbenzene,104-51-8,45.2,389.,N/A,"Linek, Fried, et al., 1965","Based on data from 374. to 454. K. See alsoBoublik, Fried, et al., 1984.;AC",,,,,,
tert-Butylbenzene,98-06-6,45.3 ± 0.2,340.,EB,"Steele, Chirico, et al., 2002",Based on data from 332. to 486. K.;AC,,,,,,
tert-Butylbenzene,98-06-6,42.6 ± 0.2,380.,EB,"Steele, Chirico, et al., 2002",Based on data from 332. to 486. K.;AC,,,,,,
tert-Butylbenzene,98-06-6,39.9 ± 0.3,420.,EB,"Steele, Chirico, et al., 2002",Based on data from 332. to 486. K.;AC,,,,,,
tert-Butylbenzene,98-06-6,37.0 ± 0.5,460.,EB,"Steele, Chirico, et al., 2002",Based on data from 332. to 486. K.;AC,,,,,,
tert-Butylbenzene,98-06-6,47.8 ± 0.4,293.,GS,"Verevkin, 1998",Based on data from 278. to 308. K.;AC,,,,,,
tert-Butylbenzene,98-06-6,43.1,383.,A,"Stephenson and Malanowski, 1987",Based on data from 368. to 444. K.;AC,,,,,,
tert-Butylbenzene,98-06-6,43.7,372.,N/A,"Forziati, Norris, et al., 1949",Based on data from 357. to 443. K.;AC,,,,,,
sec-Butylbenzene,135-98-8,45.7 ± 0.2,340.,EB,"Steele, Chirico, et al., 2002",Based on data from 335. to 491. K.;AC,,,,,,
sec-Butylbenzene,135-98-8,43.2 ± 0.2,380.,EB,"Steele, Chirico, et al., 2002",Based on data from 335. to 491. K.;AC,,,,,,
sec-Butylbenzene,135-98-8,40.6 ± 0.3,420.,EB,"Steele, Chirico, et al., 2002",Based on data from 335. to 491. K.;AC,,,,,,
sec-Butylbenzene,135-98-8,37.8 ± 0.5,460.,EB,"Steele, Chirico, et al., 2002",Based on data from 335. to 491. K.;AC,,,,,,
sec-Butylbenzene,135-98-8,50.6,258.,N/A,"Kasehgari, Mokbel, et al., 1993",Based on data from 243. to 373. K.;AC,,,,,,
sec-Butylbenzene,135-98-8,42.8,399.,A,"Stephenson and Malanowski, 1987",Based on data from 384. to 448. K.;AC,,,,,,
sec-Butylbenzene,135-98-8,44.0,375.,N/A,"Forziati, Norris, et al., 1949",Based on data from 368. to 448. K.;AC,,,,,,
Isobutylbenzene,538-93-2,43.2,388.,A,"Stephenson and Malanowski, 1987",Based on data from 373. to 447. K.;AC,,,,,,
Isobutylbenzene,538-93-2,43.8,375.,N/A,"Forziati, Norris, et al., 1949",Based on data from 360. to 447. K.;AC,,,,,,
Tetralin,119-64-2,44.1,480.,N/A,"Lee, Dempsey, et al., 1992",Based on data from 465. to 580. K.;AC,,,,,,
Tetralin,119-64-2,51.1,326.,A,"Stephenson and Malanowski, 1987",Based on data from 311. to 481. K.;AC,,,,,,
Tetralin,119-64-2,41.3 ± 0.1,498.,C,"Natarajan and Viswanath, 1985",AC,,,,,,
Tetralin,119-64-2,37.6 ± 0.1,552.,C,"Natarajan and Viswanath, 1985",AC,,,,,,
Tetralin,119-64-2,35.7 ± 0.1,567.,C,"Natarajan and Viswanath, 1985",AC,,,,,,
Tetralin,119-64-2,33.9 ± 0.1,585.,C,"Natarajan and Viswanath, 1985",AC,,,,,,
Tetralin,119-64-2,32.0 ± 0.1,604.,C,"Natarajan and Viswanath, 1985",AC,,,,,,
Tetralin,119-64-2,52.1,346.,N/A,"Katayama and Harada, 1984",Based on data from 331. to 437. K.;AC,,,,,,
Tetralin,119-64-2,48.6,382.,N/A,"Stull, 1947",Based on data from 367. to 479. K.;AC,,,,,,
Naphthalene,91-20-3,70.850,323.,N/A,"Torres-Gomez, Barreiro-Rodriguez, et al., 1988",DH,,,,,,
Naphthalene,91-20-3,56.1,398.,GC,"Lei, Chankalal, et al., 2002",Based on data from 323. to 473. K.;AC,,,,,,
Naphthalene,91-20-3,47.6 ± 1.8,491. to 747.,DSC,"Boller and Wiedemann, 1998",AC,,,,,,
Naphthalene,91-20-3,45.4,475.,DSC,"Back, Grzyll, et al., 1996",Based on data from 460. to 647. K.;AC,,,,,,
Naphthalene,91-20-3,48.7 ± 0.3,400.,EB,"Chirico, Knipmeyer, et al., 1993, 2",AC,,,,,,
Naphthalene,91-20-3,46.4,440.,EB,"Chirico, Knipmeyer, et al., 1993, 2",AC,,,,,,
Naphthalene,91-20-3,44.0,480.,EB,"Chirico, Knipmeyer, et al., 1993, 2",AC,,,,,,
Naphthalene,91-20-3,41.5,520.,EB,"Chirico, Knipmeyer, et al., 1993, 2",AC,,,,,,
Naphthalene,91-20-3,44.4,528.,N/A,"Lee and Holder, 1993",Based on data from 513. to 613. K.;AC,,,,,,
Naphthalene,91-20-3,47.9,423.,EB,"Ambrose, Ewing, et al., 1990",Based on data from 418. to 613. K.;AC,,,,,,
Naphthalene,91-20-3,50.6,367.,A,"Stephenson and Malanowski, 1987",Based on data from 352. to 500. K.;AC,,,,,,
Naphthalene,91-20-3,44.8,506.,A,"Stephenson and Malanowski, 1987",Based on data from 491. to 565. K.;AC,,,,,,
Naphthalene,91-20-3,43.2,578.,A,"Stephenson and Malanowski, 1987",Based on data from 563. to 663. K.;AC,,,,,,
Naphthalene,91-20-3,43.3,676.,A,"Stephenson and Malanowski, 1987",Based on data from 661. to 750. K.;AC,,,,,,
Naphthalene,91-20-3,50.3 ± 0.2,370.,N/A,"de Kruif, Kuipers, et al., 1981",Based on data from 353. to 388. K.;AC,,,,,,
Naphthalene,91-20-3,44.7,466.,N/A,"Wilson, Johnston, et al., 1981",Based on data from 441. to 727. K.;AC,,,,,,
Naphthalene,91-20-3,50.7,369.,N/A,"Fowler, Trump, et al., 1968",Based on data from 354. to 453. K.;AC,,,,,,
Naphthalene,91-20-3,49.0,414.,N/A,"Camin and Rossini, 1955",Based on data from 399. to 491. K.;AC,,,,,,
Naphthalene,91-20-3,46.4,441.,C,"Barrow and McClellan, 1951",AC,,,,,,
Naphthalene,91-20-3,48.3,379.,I,"Cramer, 1943",AC,,,,,,
Naphthalene,91-20-3,47.2,423.,I,"Mortimer and Murphy, 1923",Based on data from 373. to 473. K.;AC,,,,,,
Naphthalene,91-20-3,47.7,427.,I,"NELSON and SENSEMAN, 1922",Based on data from 360. to 494. K.;AC,,,,,,
1-Methylnaphthalene,90-12-0,50.0,500.,N/A,"Lee, Dempsey, et al., 1992",Based on data from 485. to 595. K.;AC,,,,,,
1-Methylnaphthalene,90-12-0,63.3,274.,N/A,"Sasse, Jose, et al., 1988",Based on data from 259. to 388. K.;AC,,,,,,
1-Methylnaphthalene,90-12-0,57.5,293.,"A,GS","Stephenson and Malanowski, 1987","Based on data from 278. to 313. K. See alsoMacknick and Prausnitz, 1979.;AC",,,,,,
1-Methylnaphthalene,90-12-0,52.3,430.,"A,GS","Stephenson and Malanowski, 1987","Based on data from 415. to 526. K. See alsoCamin and Rossini, 1955.;AC",,,,,,
1-Methylnaphthalene,90-12-0,49.6,455.,N/A,"Wieczorek and Kobayashi, 1981",Based on data from 424. to 536. K.;AC,,,,,,
1-Methylnaphthalene,90-12-0,45.9,525.,N/A,"Wieczorek and Kobayashi, 1981",Based on data from 424. to 536. K.;AC,,,,,,
2-Methylnaphthalene,91-57-6,51.2,438.,"A,GS","Stephenson and Malanowski, 1987","Based on data from 423. to 515. K. See alsoCamin and Rossini, 1955.;AC",,,,,,
2-Methylnaphthalene,91-57-6,48.4,465.,N/A,"Wieczorek and Kobayashi, 1981",Based on data from 424. to 535. K.;AC,,,,,,
2-Methylnaphthalene,91-57-6,46.4,505.,N/A,"Wieczorek and Kobayashi, 1981",Based on data from 424. to 535. K.;AC,,,,,,
Biphenyl,92-52-4,51.2,510.,DSC,"Back, Grzyll, et al., 1996",Based on data from 495. to 688. K.;AC,,,,,,
Biphenyl,92-52-4,57.4,400.,EB,"Chirico, Knipmeyer, et al., 1989, 2",Based on data from 350. to 578. K.;AC,,,,,,
Biphenyl,92-52-4,60.3,360.,EB,"Chirico, Knipmeyer, et al., 1989, 2",Based on data from 350. to 578. K.;AC,,,,,,
Biphenyl,92-52-4,50.4,500.,EB,"Chirico, Knipmeyer, et al., 1989, 2",Based on data from 350. to 578. K.;AC,,,,,,
Biphenyl,92-52-4,59.6,363.,GS,"Sakoguchi, Iwai, et al., 1989",Based on data from 348. to 453. K.;AC,,,,,,
Biphenyl,92-52-4,60.4,363.,N/A,"Sasse, N'guimbi, et al., 1989",Based on data from 333. to 393. K.;AC,,,,,,
Biphenyl,92-52-4,57.3,405.,A,"Stephenson and Malanowski, 1987",Based on data from 390. to 563. K.;AC,,,,,,
Biphenyl,92-52-4,54.9,417.,GS,"Nasir, Hwang, et al., 1980",Based on data from 396. to 437. K.;AC,,,,,,
Biphenyl,92-52-4,48.0,647.,N/A,"Glaser and Rüland, 1957",Based on data from 528. to 766. K.;AC,,,,,,
Biphenyl,92-52-4,59.4,357.,N/A,"Cunningham, 1930","Based on data from 342. to 544. K. See alsoBoublik, Fried, et al., 1984.;AC",,,,,,
Indane,496-11-7,39.63,451.,N/A,"Majer and Svoboda, 1985",,,,,,,
Indane,496-11-7,44.0,389.,A,"Stephenson and Malanowski, 1987",Based on data from 374. to 466. K.;AC,,,,,,
Indane,496-11-7,45.0,370.,N/A,"Ambrose and Sprake, 1976",Based on data from 355. to 482. K.;AC,,,,,,
Fluorene,86-73-7,66.9,398.,GC,"Lei, Chankalal, et al., 2002",Based on data from 323. to 473. K.;AC,,,,,,
Fluorene,86-73-7,63.3,398.,N/A,"Sasse, Jose, et al., 1988",Based on data from 383. to 427. K.;AC,,,,,,
Fluorene,86-73-7,54.2,417.,A,"Stephenson and Malanowski, 1987",Based on data from 402. to 568. K.;AC,,,,,,
Fluorene,86-73-7,56.6,498.,I,"Mortimer and Murphy, 1923",Based on data from 423. to 573. K.;AC,,,,,,
Acenaphthene,83-32-9,63.9,398.,GC,"Lei, Chankalal, et al., 2002",Based on data from 323. to 473. K.;AC,,,,,,
Acenaphthene,83-32-9,61.1,366.,N/A,"Ruuzicka, Mokbel, et al., 1998","See alsoHanshaw, Nutt, et al., 2008.;AC",,,,,,
Acenaphthene,83-32-9,60.6,378.,N/A,"Mokbel, Guetachew, et al., 1995","See alsoHanshaw, Nutt, et al., 2008.;AC",,,,,,
Acenaphthene,83-32-9,54.,403.,A,"Stephenson and Malanowski, 1987",Based on data from 368. to 552. K.;AC,,,,,,
Acenaphthene,83-32-9,60.3,383.,A,"Stephenson and Malanowski, 1987","Based on data from 368. to 413. K. See alsoOsborn and Douslin, 1975, 2andBoublik, Fried, et al., 1984.;AC",,,,,,
Acenaphthene,83-32-9,61.3,395.,I,"Cramer, 1943",AC,,,,,,
Acenaphthene,83-32-9,54.3,466.,I,"Mortimer and Murphy, 1923",Based on data from 413. to 561. K.;AC,,,,,,
Acenaphthene,83-32-9,55.4,435.,N/A,"Mortimer and Murphy, 1923","Based on data from 420. to 561. K. See alsoBoublik, Fried, et al., 1984.;AC",,,,,,
Phenanthrene,85-01-8,87.240,350.,N/A,"Torres-Gomez, Barreiro-Rodriguez, et al., 1988",DH,,,,,,
Phenanthrene,85-01-8,72.2,398.,GC,"Lei, Chankalal, et al., 2002",Based on data from 323. to 473. K.;AC,,,,,,
Phenanthrene,85-01-8,71.2,398.,GC,"Hinckley, Bidleman, et al., 1990",Based on data from 343. to 453. K.;AC,,,,,,
Phenanthrene,85-01-8,58.2,406.,A,"Stephenson and Malanowski, 1987",Based on data from 391. to 613. K.;AC,,,,,,
Phenanthrene,85-01-8,69.6,388.,A,"Stephenson and Malanowski, 1987","Based on data from 373. to 423. K. See alsoOsborn and Douslin, 1975, 2.;AC",,,,,,
Phenanthrene,85-01-8,71.2,372.,N/A,"Finke, Messerly, et al., 1977, 2",AC,,,,,,
Phenanthrene,85-01-8,69.7,390.,N/A,"Finke, Messerly, et al., 1977, 2",AC,,,,,,
Phenanthrene,85-01-8,67.5,420.,N/A,"Finke, Messerly, et al., 1977, 2",AC,,,,,,
Phenanthrene,85-01-8,57.2,548.,I,"Mortimer and Murphy, 1923",Based on data from 476. to 620. K.;AC,,,,,,
Phenanthrene,85-01-8,61.2,491.,I,"Mortimer and Murphy, 1923","Based on data from 476. to 620. K. See alsoBoublik, Fried, et al., 1984.;AC",,,,,,
Phenanthrene,85-01-8,59.3,560.,I,"NELSON and SENSEMAN, 1922",Based on data from 505. to 614. K.;AC,,,,,,
Phenanthrene,85-01-8,61.2,520.,I,"NELSON and SENSEMAN, 1922","Based on data from 505. to 614. K. See alsoBoublik, Fried, et al., 1984.;AC",,,,,,
Anthracene,120-12-7,66.7,498.,N/A,"Rojas and Orozco, 2003","See alsoHanshaw, Nutt, et al., 2008.;AC",,,,,,
Anthracene,120-12-7,72.4,398.,GC,"Lei, Chankalal, et al., 2002",Based on data from 323. to 473. K.;AC,,,,,,
Anthracene,120-12-7,69.7,398.,GC,"Hinckley, Bidleman, et al., 1990",Based on data from 343. to 453. K.;AC,,,,,,
Anthracene,120-12-7,58.6,519.,A,"Stephenson and Malanowski, 1987",Based on data from 504. to 615. K.;AC,,,,,,
Anthracene,120-12-7,62.1,500.,N/A,"Kudchadker, Kudchadker, et al., 1979","See alsoHanshaw, Nutt, et al., 2008.;AC",,,,,,
Anthracene,120-12-7,59.2,558.,I,"Mortimer and Murphy, 1923",Based on data from 500. to 616. K.;AC,,,,,,
Anthracene,120-12-7,60.3,515.,I,"Mortimer and Murphy, 1923","Based on data from 500. to 616. K. See alsoBoublik, Fried, et al., 1984.;AC",,,,,,
Anthracene,120-12-7,59.6,555.,I,"NELSON and SENSEMAN, 1922",Based on data from 496. to 614. K.;AC,,,,,,
Anthracene,120-12-7,60.7,511.,I,"NELSON and SENSEMAN, 1922","Based on data from 496. to 614. K. See alsoBoublik, Fried, et al., 1984.;AC",,,,,,
Hexylbenzene,1077-16-3,61.6,289.,,"Kasehgari, Mokbel, et al., 1993",Based on data from 274. to 463. K.;AC,,,,,,
"1,3-Diethylbenzene",141-93-5,45.8,383.,A,"Stephenson and Malanowski, 1987","Based on data from 368. to 457. K. See alsoForziati, Norris, et al., 1949.;AC",,,,,,
"1,4-Diethylbenzene",105-05-5,45.8,384.,A,"Stephenson and Malanowski, 1987","Based on data from 369. to 464. K. See alsoForziati, Norris, et al., 1949.;AC",,,,,,
Dodecylbenzene,123-01-3,92.,275.,N/A,"Mokbel, Ruzicka, et al., 2000",AC,,,,,,
Dodecylbenzene,123-01-3,83.2,348.,N/A,"Kasehgari, Mokbel, et al., 1993",Based on data from 333. to 453. K.;AC,,,,,,
Dodecylbenzene,123-01-3,67.4,511.,A,"Stephenson and Malanowski, 1987",Based on data from 496. to 609. K.;AC,,,,,,
Dodecylbenzene,123-01-3,80.6,356.,GS,"Allemand, Jose, et al., 1986",Based on data from 336. to 456. K.;AC,,,,,,
1-Pentene,109-67-1,25.2,303.1,N/A,"Majer and Svoboda, 1985",,,,,,,
1-Pentene,109-67-1,29.1,233.,A,"Stephenson and Malanowski, 1987",Based on data from 218. to 311. K.;AC,,,,,,
1-Pentene,109-67-1,26.7,295.,MM,"Forziati, Camin, et al., 1950",Based on data from 286. to 304. K.;AC,,,,,,
1-Pentene,109-67-1,26.9,288.,N/A,"Scott, Waddington, et al., 1949",Based on data from 273. to 334. K.;AC,,,,,,
1-Pentene,109-67-1,26.2 ± 0.1,284.,C,"Scott, Waddington, et al., 1949",AC,,,,,,
1-Pentene,109-67-1,25.2 ± 0.1,303.,C,"Scott, Waddington, et al., 1949",AC,,,,,,
1-Pentene,109-67-1,26.3,290.,N/A,"Day, Nicholson, et al., 1948",Based on data from 273. to 308. K.;AC,,,,,,
1-Pentene,109-67-1,25.7,341.,N/A,"Day, Nicholson, et al., 1948",Based on data from 313. to 368. K.;AC,,,,,,
1-Hexene,592-41-6,30.4,313.,N/A,"Marrufo, Aucejo, et al., 2009",Based on data from 298. to 336. K.;AC,,,,,,
1-Hexene,592-41-6,30.6,315.,N/A,"Segura, Lam, et al., 2001",Based on data from 300. to 337. K.;AC,,,,,,
1-Hexene,592-41-6,31.6,288.,A,"Stephenson and Malanowski, 1987",Based on data from 273. to 343. K.;AC,,,,,,
1-Hexene,592-41-6,31.0,304.,MM,"Forziati, Camin, et al., 1950",Based on data from 289. to 337. K.;AC,,,,,,
1-Octene,111-66-0,34.07,394.4,N/A,"Majer and Svoboda, 1985",,,,,,,
1-Octene,111-66-0,38.8,332.,"A,MM","Stephenson and Malanowski, 1987","Based on data from 317. to 395. K. See alsoForziati, Camin, et al., 1950.;AC",,,,,,
1-Octene,111-66-0,39.5 ± 0.1,313.,C,"Svoboda, Charvátová, et al., 1982",AC,,,,,,
1-Octene,111-66-0,38.6 ± 0.1,328.,C,"Svoboda, Charvátová, et al., 1982",AC,,,,,,
1-Octene,111-66-0,37.6 ± 0.1,343.,C,"Svoboda, Charvátová, et al., 1982",AC,,,,,,
1-Octene,111-66-0,36.6 ± 0.1,358.,C,"Svoboda, Charvátová, et al., 1982",AC,,,,,,
1-Octene,111-66-0,35.8 ± 0.1,368.,C,"Svoboda, Charvátová, et al., 1982",AC,,,,,,
1-Octene,111-66-0,40.2,277.,MM,"Chickos, Hyman, et al., 1981",Based on data from 263. to 291. K.;AC,,,,,,
1-Octene,111-66-0,41.2,275.,HSA,"Chickos, Hyman, et al., 1981",Based on data from 260. to 291. K.;AC,,,,,,
1-Decene,872-05-9,43.8,398.,A,"Stephenson and Malanowski, 1987",Based on data from 383. to 445. K.;AC,,,,,,
1-Decene,872-05-9,45.1,375.,N/A,"Forziati, Camin, et al., 1950",Based on data from 360. to 445. K.;AC,,,,,,
1-Dodecene,112-41-4,51.1,411.,A,"Stephenson and Malanowski, 1987","Based on data from 396. to 493. K. See alsoForziati, Camin, et al., 1950.;AC",,,,,,
1-Tetradecene,1120-36-1,56.5,445.,A,"Stephenson and Malanowski, 1987","Based on data from 430. to 527. K. See alsoCamin and Rossini, 1955.;AC",,,,,,
1-Hexadecene,629-73-2,61.5,476.,A,"Stephenson and Malanowski, 1987","Based on data from 461. to 558. K. See alsoCamin, Forziati, et al., 1954.;AC",,,,,,
Octylcyclohexane,1795-15-9,62.7,382.,A,"Stephenson and Malanowski, 1987",Based on data from 367. to 399. K.;AC,,,,,,
