name,CAS,ΔvapS (J/mol*K),Temperature (K),Reference,Comment,ΔfusS (J/mol*K),"Cp,gas(J/mol*K)",ΔStrs(J/mol*K),Initial Phase,Final Phase,ΔsubS (J/mol*K)
n-Pentane,109-66-0,87.88,298.15,"Messerly and Kennedy, 1940",P;DH,,,,,,
n-Pentane,109-66-0,,143.47,"Messerly, Guthrie, et al., 1967",DH,58.56,,,,,
n-Pentane,109-66-0,,143.46,"Messerly and Kennedy, 1940",DH,58.66,,,,,
n-Pentane,109-66-0,,143.4,"Parks and Huffman, 1930",DH,58.41,,,,,
n-Pentane,109-66-0,,298.15,"Kharin V.E., 1985","Experimental data [Sage B.H., 1937] are less accurate than selected ones. Please also seeHossenlopp I.A., 1981.;GT",,120.07 ± 0.24,,,,
n-Pentane,109-66-0,,323.15,,,,127.84 ± 0.26,,,,
n-Pentane,109-66-0,,348.15,,,,135.90 ± 0.27,,,,
n-Pentane,109-66-0,,373.15,,,,143.95 ± 0.29,,,,
n-Pentane,109-66-0,,398.15,,,,151.92 ± 0.30,,,,
n-Pentane,109-66-0,,423.15,,,,159.67 ± 0.32,,,,
n-Pentane,109-66-0,,448.15,,,,167.37 ± 0.33,,,,
n-Pentane,109-66-0,,450.,,,,168.11,,,,
n-Pentane,109-66-0,,473.15,,,,174.75 ± 0.35,,,,
n-Pentane,109-66-0,,498.15,,,,181.98 ± 0.36,,,,
n-Pentane,109-66-0,,500.,,,,182.39,,,,
n-Pentane,109-66-0,,523.15,,,,189.08 ± 0.38,,,,
n-Pentane,109-66-0,,550.,,,,195.96,,,,
n-Pentane,109-66-0,,600.,,,,209.23,,,,
n-Pentane,109-66-0,,650.,,,,221.93,,,,
n-Pentane,109-66-0,,700.,,,,232.90,,,,
n-Pentane,109-66-0,,200.,"Scott D.W., 1974, 2","Recommended values were obtained from the consistent correlation scheme for alkanes [Scott D.W., 1974,Scott D.W., 1974, 2]. This approach gives a better agreement with experimental data than the statistical thermodynamics calculation [Pitzer K.S., 1944,Pitzer K.S., 1946].;GT",,93.55,,,,
n-Pentane,109-66-0,,273.15,,,,112.55,,,,
n-Pentane,109-66-0,,298.15,,,,120.0 ± 0.1,,,,
n-Pentane,109-66-0,,300.,,,,120.62,,,,
n-Pentane,109-66-0,,400.,,,,152.55,,,,
n-Pentane,109-66-0,,500.,,,,182.59,,,,
n-Pentane,109-66-0,,600.,,,,208.78,,,,
n-Pentane,109-66-0,,700.,,,,231.38,,,,
n-Pentane,109-66-0,,800.,,,,250.62,,,,
n-Pentane,109-66-0,,900.,,,,266.94,,,,
n-Pentane,109-66-0,,1000.,,,,281.58,,,,
n-Pentane,109-66-0,,1100.,,,,293.72,,,,
n-Pentane,109-66-0,,1200.,,,,304.60,,,,
n-Pentane,109-66-0,,1300.,,,,313.80,,,,
n-Pentane,109-66-0,,1400.,,,,322.17,,,,
n-Pentane,109-66-0,,1500.,,,,330.54,,,,
n-Hexane,110-54-3,,177.84,"Douslin and Huffman, 1946",DH,73.54,,,,,
n-Hexane,110-54-3,,177.90,"Stull, 1937",DH,69.38,,,,,
n-Hexane,110-54-3,,177.9,"Huffman, Parks, et al., 1931",DH,73.3,,,,,
n-Hexane,110-54-3,,178.6,"Parks, Huffman, et al., 1930",DH,70.44,,,,,
n-Hexane,110-54-3,,200.,"Scott D.W., 1974, 2","Recommended values were obtained from the consistent correlation scheme for alkanes [Scott D.W., 1974,Scott D.W., 1974, 2]. This approach gives a better agreement with experimental data than the statistical thermodynamics calculation [Pitzer K.S., 1944,Pitzer K.S., 1946] (see also [Waddington G., 1949]).;GT",,110.58,,,,
n-Hexane,110-54-3,,273.15,,,,133.55,,,,
n-Hexane,110-54-3,,298.15,,,,142.6 ± 0.2,,,,
n-Hexane,110-54-3,,300.,,,,143.26,,,,
n-Hexane,110-54-3,,400.,,,,181.54,,,,
n-Hexane,110-54-3,,500.,,,,217.28,,,,
n-Hexane,110-54-3,,600.,,,,248.11,,,,
n-Hexane,110-54-3,,700.,,,,274.05,,,,
n-Hexane,110-54-3,,800.,,,,296.23,,,,
n-Hexane,110-54-3,,900.,,,,315.06,,,,
n-Hexane,110-54-3,,1000.,,,,331.37,,,,
n-Hexane,110-54-3,,1100.,,,,345.18,,,,
n-Hexane,110-54-3,,1200.,,,,357.31,,,,
n-Hexane,110-54-3,,1300.,,,,368.19,,,,
n-Hexane,110-54-3,,1400.,,,,376.56,,,,
n-Hexane,110-54-3,,1500.,,,,389.11,,,,
n-Hexane,110-54-3,,333.85,"Waddington G., 1947",GT,,156.27 ± 0.31,,,,
n-Hexane,110-54-3,,365.15,,,,168.28 ± 0.34,,,,
n-Hexane,110-54-3,,398.85,,,,181.17 ± 0.36,,,,
n-Hexane,110-54-3,,433.70,,,,194.10 ± 0.39,,,,
n-Hexane,110-54-3,,468.90,,,,206.94 ± 0.41,,,,
n-Heptane,142-82-5,,182.59,"Schaake, Offringa, et al., 1979",DH,76.96,,,,,
n-Heptane,142-82-5,,182.55,"Huffman, Gross, et al., 1961",DH,76.89,,,,,
n-Heptane,142-82-5,,182.55,"McCullough and Messerly, 1961",DH,76.89,,,,,
n-Heptane,142-82-5,,182.56,"Douglas, Furukawa, et al., 1954",DH,78.81,,,,,
n-Heptane,142-82-5,,182.56,"Ginnings and Furukawa, 1953",DH,76.81,,,,,
n-Heptane,142-82-5,,182.52,"Pitzer K.S., 1940",DH,76.93,,,,,
n-Heptane,142-82-5,,182.7,"Meijer, Blok, et al., 1977",DH,77.0,,,,,
n-Heptane,142-82-5,,182.56,"Van Miltenburg, 1972",DH,77.02,,,,,
n-Heptane,142-82-5,,182.56,"Oetting F.L., 1963",DH,76.81,,,,,
n-Heptane,142-82-5,,182.2,"Huffman, Parks, et al., 1930",DH,77.73,,,,,
n-Heptane,142-82-5,,182.2,"Parks, Huffman, et al., 1930",DH,77.73,,,,,
n-Heptane,142-82-5,,200.,"Scott D.W., 1974","Recommended values were obtained from the consistent correlation scheme for alkanes [Scott D.W., 1974, 2,Scott D.W., 1974]. This approach gives a better agreement with experimental data than the statistical thermodynamics calculation [Pitzer K.S., 1944,Pitzer K.S., 1946].;GT",,127.65,,,,
n-Heptane,142-82-5,,273.15,,,,154.64,,,,
n-Heptane,142-82-5,,298.15,,,,165.2 ± 0.3,,,,
n-Heptane,142-82-5,,300.,,,,165.98,,,,
n-Heptane,142-82-5,,400.,,,,210.66,,,,
n-Heptane,142-82-5,,500.,,,,252.09,,,,
n-Heptane,142-82-5,,600.,,,,287.44,,,,
n-Heptane,142-82-5,,700.,,,,317.15,,,,
n-Heptane,142-82-5,,800.,,,,342.25,,,,
n-Heptane,142-82-5,,900.,,,,363.59,,,,
n-Heptane,142-82-5,,1000.,,,,381.58,,,,
n-Heptane,142-82-5,,1100.,,,,397.06,,,,
n-Heptane,142-82-5,,1200.,,,,410.45,,,,
n-Heptane,142-82-5,,1300.,,,,422.58,,,,
n-Heptane,142-82-5,,1400.,,,,435.14,,,,
n-Heptane,142-82-5,,1500.,,,,443.50,,,,
n-Heptane,142-82-5,,357.10,"Waddington G., 1947",GT,,191.50 ± 0.19,,,,
n-Heptane,142-82-5,,373.15,,,,198.78 ± 0.20,,,,
n-Heptane,142-82-5,,400.40,,,,210.75 ± 0.21,,,,
n-Heptane,142-82-5,,434.35,,,,225.31 ± 0.23,,,,
n-Heptane,142-82-5,,466.10,,,,238.49 ± 0.24,,,,
n-Octane,111-65-9,,216.38,"Finke, Gross, et al., 1954",DH,95.85,,,,,
n-Octane,111-65-9,,215.8,"Huffman, Parks, et al., 1931",DH,95.7,,,,,
n-Octane,111-65-9,,215.6,"Parks, Huffman, et al., 1930",DH,93.19,,,,,
n-Octane,111-65-9,,385.65,"Hossenlopp I.A., 1981","Please also seeBarrow G.M., 1951.;GT",,232.74 ± 0.47,,,,
n-Octane,111-65-9,,398.15,,,,238.95 ± 0.48,,,,
n-Octane,111-65-9,,405.7,,,,242.67,,,,
n-Octane,111-65-9,,423.15,,,,250.59 ± 0.50,,,,
n-Octane,111-65-9,,448.15,,,,263.02 ± 0.53,,,,
n-Octane,111-65-9,,462.5,,,,270.70,,,,
n-Octane,111-65-9,,473.15,,,,274.84 ± 0.55,,,,
n-Octane,111-65-9,,498.15,,,,285.98 ± 0.57,,,,
n-Octane,111-65-9,,522.7,,,,295.39,,,,
n-Octane,111-65-9,,523.15,,,,297.00 ± 0.59,,,,
n-Octane,111-65-9,,200.,"Scott D.W., 1974, 2","Recommended values were obtained from the consistent correlation scheme for alkanes [Scott D.W., 1974,Scott D.W., 1974, 2]. This approach gives a better agreement with experimental data than the statistical thermodynamics calculation [Pitzer K.S., 1944,Pitzer K.S., 1946].;GT",,144.77,,,,
n-Octane,111-65-9,,273.15,,,,175.69,,,,
n-Octane,111-65-9,,298.15,,,,187.8 ± 0.4,,,,
n-Octane,111-65-9,,300.,,,,188.70,,,,
n-Octane,111-65-9,,400.,,,,239.74,,,,
n-Octane,111-65-9,,500.,,,,286.81,,,,
n-Octane,111-65-9,,600.,,,,326.77,,,,
n-Octane,111-65-9,,700.,,,,360.24,,,,
n-Octane,111-65-9,,800.,,,,388.28,,,,
n-Octane,111-65-9,,900.,,,,411.71,,,,
n-Octane,111-65-9,,1000.,,,,431.37,,,,
n-Octane,111-65-9,,1100.,,,,448.52,,,,
n-Octane,111-65-9,,1200.,,,,463.17,,,,
n-Octane,111-65-9,,1300.,,,,476.98,,,,
n-Octane,111-65-9,,1400.,,,,489.53,,,,
n-Octane,111-65-9,,1500.,,,,497.90,,,,
n-Nonane,111-84-2,,217.2,"Finke, Gross, et al., 1954",DH,,,28.91,"crystaline, II","crystaline, I",
n-Nonane,111-84-2,,219.66,"Finke, Gross, et al., 1954",DH,,,70.42,"crystaline, I",liquid,
n-Nonane,111-84-2,,219.2,"Huffman, Parks, et al., 1931",Included;DH,,,100.9,"crystaline, I",liquid,
n-Nonane,111-84-2,,200.,"Scott D.W., 1974, 2","Recommended values were obtained from the consistent correlation scheme for alkanes [Scott D.W., 1974,Scott D.W., 1974, 2]. This approach gives a good agreement with experimental data available for alkanes. However, large uncertainties could be expected at high temperatures.;GT",,161.92,,,,
n-Nonane,111-84-2,,273.15,,,,196.77,,,,
n-Nonane,111-84-2,,298.15,,,,210.4 ± 0.5,,,,
n-Nonane,111-84-2,,300.,,,,211.42,,,,
n-Nonane,111-84-2,,400.,,,,268.82,,,,
n-Nonane,111-84-2,,500.,,,,321.54,,,,
n-Nonane,111-84-2,,600.,,,,366.10,,,,
n-Nonane,111-84-2,,700.,,,,403.34,,,,
n-Nonane,111-84-2,,800.,,,,433.88,,,,
n-Nonane,111-84-2,,900.,,,,459.82,,,,
n-Nonane,111-84-2,,1000.,,,,481.58,,,,
n-Nonane,111-84-2,,1100.,,,,499.99,,,,
n-Nonane,111-84-2,,1200.,,,,516.31,,,,
n-Nonane,111-84-2,,1300.,,,,531.37,,,,
n-Nonane,111-84-2,,1400.,,,,543.92,,,,
n-Nonane,111-84-2,,1500.,,,,556.47,,,,
n-Decane,124-18-5,,243.51,"Finke, Gross, et al., 1954",DH,117.92,,,,,
n-Decane,124-18-5,,243.5,"Domalski and Hearing, 1996",CAL,117.99,,,,,
n-Decane,124-18-5,,243.1,"Huffman, Parks, et al., 1931",DH,118.4,,,,,
n-Decane,124-18-5,,200.,"Scott D.W., 1974, 2","Recommended values were obtained from the consistent correlation scheme for alkanes [Scott D.W., 1974,Scott D.W., 1974, 2]. This approach gives a good agreement with experimental data available for alkanes. However, large uncertainties could be expected at high temperatures.;GT",,179.08,,,,
n-Decane,124-18-5,,273.15,,,,217.90,,,,
n-Decane,124-18-5,,298.15,,,,233.1 ± 0.6,,,,
n-Decane,124-18-5,,300.,,,,234.18,,,,
n-Decane,124-18-5,,400.,,,,297.98,,,,
n-Decane,124-18-5,,500.,,,,356.43,,,,
n-Decane,124-18-5,,600.,,,,405.85,,,,
n-Decane,124-18-5,,700.,,,,446.43,,,,
n-Decane,124-18-5,,800.,,,,479.90,,,,
n-Decane,124-18-5,,900.,,,,508.36,,,,
n-Decane,124-18-5,,1000.,,,,531.79,,,,
n-Decane,124-18-5,,1100.,,,,551.87,,,,
n-Decane,124-18-5,,1200.,,,,569.44,,,,
n-Decane,124-18-5,,1300.,,,,585.76,,,,
n-Decane,124-18-5,,1400.,,,,598.31,,,,
n-Decane,124-18-5,,1500.,,,,610.86,,,,
n-Undecane,1120-21-4,,236.6,"Domalski and Hearing, 1996",CAL,29.,,,,,
n-Undecane,1120-21-4,,236.6,"Finke, Gross, et al., 1954, 2",DH,,,23.99,"crystaline, II","crystaline, I",
n-Undecane,1120-21-4,,247.59,"Finke, Gross, et al., 1954, 2",DH,,,89.58,"crystaline, I",liquid,
n-Undecane,1120-21-4,,236.1,"Huffman, Parks, et al., 1931, 2",DH,,,26.8,"crystaline, II","crystaline, I",
n-Undecane,1120-21-4,,247.2,"Huffman, Parks, et al., 1931, 2",DH,,,90.3,"crystaline, I",liquid,
n-Dodecane,112-40-3,,263.59,"Finke, Gross, et al., 1954",DH,139.75,,,,,
n-Dodecane,112-40-3,,263.5,"Huffman, Parks, et al., 1931",DH,138.8,,,,,
n-Tridecane,629-50-5,,255.,"Domalski and Hearing, 1996",CAL,30.04,,,,,
n-Tridecane,629-50-5,,267.8,,,106.27,,,,,
n-Tridecane,629-50-5,,255.0,"Finke, Gross, et al., 1954",DH,,,30.04,"crystaline, II","crystaline, I",
n-Tridecane,629-50-5,,267.79,"Finke, Gross, et al., 1954",DH,,,106.43,"crystaline, I",liquid,
n-Tetradecane,629-59-4,,279.03,"Finke, Gross, et al., 1954, 2",DH,161.52,,,,,
n-Tetradecane,629-59-4,,194.,"Parks and Light, 1934",DH,,,0.94,"crystaline, II","crystaline, I",
n-Tetradecane,629-59-4,,288.7,"Parks and Light, 1934",DH,,,153.3,"crystaline, I",liquid,
n-Pentadecane,629-62-9,,270.9,"Domalski and Hearing, 1996",CAL,33.85,,,,,
n-Pentadecane,629-62-9,,283.1,,,122.17,,,,,
n-Pentadecane,629-62-9,,270.9,"Finke, Gross, et al., 1954, 2",DH,,,33.84,"crystaline, II","crystaline, I",
n-Pentadecane,629-62-9,,283.11,"Finke, Gross, et al., 1954, 2",DH,,,122.19,"crystaline, I",liquid,
n-Hexadecane,544-76-3,,291.34,"Finke, Gross, et al., 1954",DH,183.15,,,,,
n-Hexadecane,544-76-3,,291.1,"Parks, Moore, et al., 1949",DH,177.1,,,,,
n-Hexadecane,544-76-3,,291.3,"Domalski and Hearing, 1996",CAL,183.13,,,,,
n-Hexadecane,544-76-3,,291.1,,,176.79,,,,,
n-Heptadecane,629-78-7,,284.3,"Domalski and Hearing, 1996",CAL,38.56,,,,,
n-Heptadecane,629-78-7,,295.1,,,136.11,,,,,
n-Heptadecane,629-78-7,,284.27,"Messerly, Guthrie, et al., 1967, 2",DH,,,38.50,"crystaline, II","crystaline, I",
n-Heptadecane,629-78-7,,295.14,"Messerly, Guthrie, et al., 1967, 2",DH,,,136.08,"crystaline, I",liquid,
n-Octadecane,593-45-3,,301.0,"Kolesnikov and Syunyaev, 1985",DH,201.9,,,,,
n-Octadecane,593-45-3,,301.33,"Messerly, Guthrie, et al., 1967, 2",DH,204.6,,,,,
n-Octadecane,593-45-3,,301.3,"Parks, Moore, et al., 1949, 2",DH,200.7,,,,,
n-Octadecane,593-45-3,,301.35,"Schaerer, Busso, et al., 1955",DH,,,203.6,"crystaline, I",liquid,
n-Nonadecane,629-92-5,,296.0,"Domalski and Hearing, 1996",CAL,46.2,,,,,
n-Nonadecane,629-92-5,,304.,,,155.9,,,,,
n-Nonadecane,629-92-5,,295.95,"Claudy, Letoffe, et al., 1979",DH,,,46.2,"crystaline, II","crystaline, I",
n-Nonadecane,629-92-5,,303.95,"Claudy, Letoffe, et al., 1979",DH,,,155.9,"crystaline, I",liquid,
n-Nonadecane,629-92-5,,295.95,"Schaerer, Busso, et al., 1955",DH,,,46.7,"crystaline, II","crystaline, I",
n-Nonadecane,629-92-5,,305.15,"Schaerer, Busso, et al., 1955",DH,,,150.1,"crystaline, I",liquid,
n-Eicosane,112-95-8,,308.8,"Kolesnikov and Syunyaev, 1985",DH,219.6,,,,,
n-Eicosane,112-95-8,,309.75,"Company, 1973",DH,225.6,,,,,
n-Eicosane,112-95-8,,308.5,"Syunyaev, Tumanyan, et al., 1984",Relative;DH,229.8,,,,,
n-Eicosane,112-95-8,,309.7,"Parks, Huffman, et al., 1930, 2",DH,198.50,,,,,
n-Eicosane,112-95-8,,309.75,"Schaerer, Busso, et al., 1955",DH,,,225.6,"crystaline, I",liquid,
Isopentane,78-78-4,84.48,293.95,"Schumann, Aston, et al., 1942, 2",P;DH,,,,,,
Isopentane,78-78-4,,113.37,"Guthrie and Huffman, 1943, 2",DH,45.48,,,,,
Isopentane,78-78-4,,113.39,"Schumann, Aston, et al., 1942, 2",DH,45.24,,,,,
Isopentane,78-78-4,,113.4,"Domalski and Hearing, 1996",CAL,45.23,,,,,
Isopentane,78-78-4,,112.6,"Parks, Huffman, et al., 1930, 2",DH,45.41,,,,,
Isopentane,78-78-4,,200.,"Scott D.W., 1974","Recommended values were obtained from the consistent correlation scheme for alkanes [Scott D.W., 1974, 2,Scott D.W., 1974]. This approach gives a better agreement with experimental data than the statistical thermodynamics calculations [Pitzer K.S., 1946,Scott D.W., 1951].;GT",,84.94,,,,
Isopentane,78-78-4,,273.15,,,,110.37,,,,
Isopentane,78-78-4,,298.15,,,,118.9 ± 0.4,,,,
Isopentane,78-78-4,,300.,,,,119.50,,,,
Isopentane,78-78-4,,400.,,,,152.88,,,,
Isopentane,78-78-4,,500.,,,,183.26,,,,
Isopentane,78-78-4,,600.,,,,210.04,,,,
Isopentane,78-78-4,,700.,,,,233.05,,,,
Isopentane,78-78-4,,800.,,,,253.13,,,,
Isopentane,78-78-4,,900.,,,,270.70,,,,
Isopentane,78-78-4,,1000.,,,,286.19,,,,
Isopentane,78-78-4,,1100.,,,,299.57,,,,
Isopentane,78-78-4,,1200.,,,,311.29,,,,
Isopentane,78-78-4,,1300.,,,,322.17,,,,
Isopentane,78-78-4,,1400.,,,,330.54,,,,
Isopentane,78-78-4,,1500.,,,,338.90,,,,
Isopentane,78-78-4,,317.20,"Scott D.W., 1951",GT,,125.31 ± 0.37,,,,
Isopentane,78-78-4,,358.15,,,,139.12 ± 0.42,,,,
Isopentane,78-78-4,,402.30,,,,153.64 ± 0.46,,,,
Isopentane,78-78-4,,449.20,,,,168.36 ± 0.51,,,,
Isopentane,78-78-4,,487.05,,,,179.62 ± 0.54,,,,
Neopentane,463-82-1,80.50,282.61,"Aston and Messerly, 1936, 2",P;DH,,,,,,
Neopentane,463-82-1,,140.,"Domalski and Hearing, 1996",CAL,18.41,,,,,
Neopentane,463-82-1,,256.5,,,12.69,,,,,
Neopentane,463-82-1,,140.5,"Chang and Westrum, 1970",DH,,,18.70,"crystaline, II","crystaline, I",
Neopentane,463-82-1,,256.76,"Chang and Westrum, 1970",DH,,,12.05,"crystaline, I",liquid,
Neopentane,463-82-1,,140. to 142.,"Enokida, Shinoda, et al., 1969",DH,,,18.70,"crystaline, II, Second","crystaline, I, order transition, 140 to 142 K",
Neopentane,463-82-1,,256.76,"Enokida, Shinoda, et al., 1969",DH,,,12.06,"crystaline, I",liquid,
Neopentane,463-82-1,,140.0,"Aston and Messerly, 1936, 2",DH,,,18.41,"crystaline, II","crystaline, I",
Neopentane,463-82-1,,256.53,"Aston and Messerly, 1936, 2",DH,,,12.68,"crystaline, I",liquid,
Neopentane,463-82-1,,298.15,"Hossenlopp I.A., 1981",GT,,120.82 ± 0.25,,,,
Neopentane,463-82-1,,323.15,,,,129.58 ± 0.26,,,,
Neopentane,463-82-1,,348.15,,,,138.41 ± 0.28,,,,
Neopentane,463-82-1,,373.15,,,,147.06 ± 0.29,,,,
Neopentane,463-82-1,,398.15,,,,155.46 ± 0.31,,,,
Neopentane,463-82-1,,423.15,,,,163.52 ± 0.32,,,,
Neopentane,463-82-1,,448.15,,,,171.46 ± 0.34,,,,
Neopentane,463-82-1,,473.15,,,,178.95 ± 0.36,,,,
Neopentane,463-82-1,,498.15,,,,186.42 ± 0.37,,,,
Neopentane,463-82-1,,523.15,,,,193.38 ± 0.39,,,,
Neopentane,463-82-1,,200.,"Scott D.W., 1974","Recommended values were obtained from the consistent correlation scheme for alkanes [Scott D.W., 1974, 2,Scott D.W., 1974]. This approach gives a better agreement with experimental data than the statistical thermodynamics calculation [Pitzer K.S., 1946].;GT",,80.54,,,,
Neopentane,463-82-1,,273.15,,,,111.63,,,,
Neopentane,463-82-1,,298.15,,,,120.83 ± 0.25,,,,
Neopentane,463-82-1,,300.,,,,121.55,,,,
Neopentane,463-82-1,,400.,,,,155.98,,,,
Neopentane,463-82-1,,500.,,,,186.98,,,,
Neopentane,463-82-1,,600.,,,,214.64,,,,
Neopentane,463-82-1,,700.,,,,238.91,,,,
Neopentane,463-82-1,,800.,,,,261.08,,,,
Neopentane,463-82-1,,900.,,,,280.33,,,,
Neopentane,463-82-1,,1000.,,,,297.90,,,,
Neopentane,463-82-1,,1100.,,,,313.38,,,,
Neopentane,463-82-1,,1200.,,,,327.19,,,,
Neopentane,463-82-1,,1300.,,,,338.90,,,,
Neopentane,463-82-1,,1400.,,,,351.46,,,,
Neopentane,463-82-1,,1500.,,,,359.82,,,,
2-Methylpentane,107-83-5,,119.55,"Douslin and Huffman, 1946, 2",DH,52.43,,,,,
2-Methylpentane,107-83-5,,200.,"Scott D.W., 1974","Recommended values were obtained from the consistent correlation scheme for alkanes [Scott D.W., 1974, 2,Scott D.W., 1974]. This approach gives a better agreement with experimental data than the statistical thermodynamics calculation [Pitzer K.S., 1946] (see also [Waddington G., 1949]).;GT",,101.34,,,,
2-Methylpentane,107-83-5,,273.15,,,,131.88,,,,
2-Methylpentane,107-83-5,,298.15,,,,142.2 ± 0.2,,,,
2-Methylpentane,107-83-5,,300.,,,,143.01,,,,
2-Methylpentane,107-83-5,,400.,,,,183.51,,,,
2-Methylpentane,107-83-5,,500.,,,,219.83,,,,
2-Methylpentane,107-83-5,,600.,,,,251.04,,,,
2-Methylpentane,107-83-5,,700.,,,,277.40,,,,
2-Methylpentane,107-83-5,,800.,,,,300.41,,,,
2-Methylpentane,107-83-5,,900.,,,,320.08,,,,
2-Methylpentane,107-83-5,,1000.,,,,337.23,,,,
2-Methylpentane,107-83-5,,1100.,,,,351.87,,,,
2-Methylpentane,107-83-5,,1200.,,,,364.84,,,,
2-Methylpentane,107-83-5,,1300.,,,,376.56,,,,
2-Methylpentane,107-83-5,,1400.,,,,389.11,,,,
2-Methylpentane,107-83-5,,1500.,,,,397.48,,,,
2-Methylpentane,107-83-5,,325.10,"Waddington G., 1949",GT,,153.85,,,,
2-Methylpentane,107-83-5,,362.15,,,,168.62,,,,
2-Methylpentane,107-83-5,,402.25,,,,184.43,,,,
2-Methylpentane,107-83-5,,436.20,,,,197.23,,,,
2-Methylpentane,107-83-5,,471.15,,,,209.87,,,,
3-Methylpentane,96-14-0,,110.26,"Finke and Messerly, 1973, 2",DH,,,48.101,"crystaline, I",liquid,
3-Methylpentane,96-14-0,,200.,"Scott D.W., 1974, 2","Recommended values were obtained from the consistent correlation scheme for alkanes [Scott D.W., 1974,Scott D.W., 1974, 2]. This approach gives a better agreement with experimental data than the statistical thermodynamics calculation [Pitzer K.S., 1946] (see also [Waddington G., 1949]).;GT",,98.91,,,,
3-Methylpentane,96-14-0,,273.15,,,,129.83,,,,
3-Methylpentane,96-14-0,,298.15,,,,140.1 ± 0.4,,,,
3-Methylpentane,96-14-0,,300.,,,,140.88,,,,
3-Methylpentane,96-14-0,,400.,,,,181.17,,,,
3-Methylpentane,96-14-0,,500.,,,,217.48,,,,
3-Methylpentane,96-14-0,,600.,,,,248.95,,,,
3-Methylpentane,96-14-0,,700.,,,,275.73,,,,
3-Methylpentane,96-14-0,,800.,,,,298.74,,,,
3-Methylpentane,96-14-0,,900.,,,,318.82,,,,
3-Methylpentane,96-14-0,,1000.,,,,335.98,,,,
3-Methylpentane,96-14-0,,1100.,,,,351.04,,,,
3-Methylpentane,96-14-0,,1200.,,,,364.01,,,,
3-Methylpentane,96-14-0,,1300.,,,,376.56,,,,
3-Methylpentane,96-14-0,,1400.,,,,384.93,,,,
3-Methylpentane,96-14-0,,1500.,,,,397.48,,,,
3-Methylpentane,96-14-0,,332.10,"Waddington G., 1949",GT,,154.31,,,,
3-Methylpentane,96-14-0,,367.55,,,,168.41,,,,
3-Methylpentane,96-14-0,,402.35,,,,181.71,,,,
3-Methylpentane,96-14-0,,436.20,,,,194.64,,,,
3-Methylpentane,96-14-0,,471.15,,,,207.32,,,,
"2,2-Dimethylbutane",75-83-2,,126.8,"Domalski and Hearing, 1996",CAL,42.57,,,,,
"2,2-Dimethylbutane",75-83-2,,140.8,,,2.02,,,,,
"2,2-Dimethylbutane",75-83-2,,174.3,,,3.31,,,,,
"2,2-Dimethylbutane",75-83-2,,126.81,"Douslin and Huffman, 1946",DH,,,42.66,"crystaline, III","crystaline, II",
"2,2-Dimethylbutane",75-83-2,,140.79,"Douslin and Huffman, 1946",DH,,,2.03,"crystaline, II","crystaline, I",
"2,2-Dimethylbutane",75-83-2,,174.28,"Douslin and Huffman, 1946",DH,,,3.32,"crystaline, I",liquid,
"2,2-Dimethylbutane",75-83-2,,126.81,"Kilpatrick and Pitzer, 1946",DH,,,42.5,"crystaline, III","crystaline, II",
"2,2-Dimethylbutane",75-83-2,,140.88,"Kilpatrick and Pitzer, 1946",DH,,,2.01,"crystaline, II","crystaline, I",
"2,2-Dimethylbutane",75-83-2,,174.66,"Kilpatrick and Pitzer, 1946",DH,,,3.33,"crystaline, I",liquid,
"2,2-Dimethylbutane",75-83-2,,127.11,"Stull, 1937",DH,,,36.04,"crystaline, II","crystaline, I",
"2,2-Dimethylbutane",75-83-2,,172.13,"Stull, 1937",DH,,,2.70,"crystaline, I",liquid,
"2,2-Dimethylbutane",75-83-2,,200.,"Scott D.W., 1974, 2","Recommended values were obtained from the consistent correlation scheme for alkanes [Scott D.W., 1974,Scott D.W., 1974, 2]. This approach gives a better agreement with experimental data than the statistical thermodynamics calculation [Pitzer K.S., 1946] (see also [Waddington G., 1949]).;GT",,101.46,,,,
"2,2-Dimethylbutane",75-83-2,,273.15,,,,131.08,,,,
"2,2-Dimethylbutane",75-83-2,,298.15,,,,141.5 ± 0.3,,,,
"2,2-Dimethylbutane",75-83-2,,300.,,,,142.26,,,,
"2,2-Dimethylbutane",75-83-2,,400.,,,,183.13,,,,
"2,2-Dimethylbutane",75-83-2,,500.,,,,220.33,,,,
"2,2-Dimethylbutane",75-83-2,,600.,,,,253.13,,,,
"2,2-Dimethylbutane",75-83-2,,700.,,,,281.58,,,,
"2,2-Dimethylbutane",75-83-2,,800.,,,,306.69,,,,
"2,2-Dimethylbutane",75-83-2,,900.,,,,328.44,,,,
"2,2-Dimethylbutane",75-83-2,,1000.,,,,348.11,,,,
"2,2-Dimethylbutane",75-83-2,,1100.,,,,365.26,,,,
"2,2-Dimethylbutane",75-83-2,,1200.,,,,380.33,,,,
"2,2-Dimethylbutane",75-83-2,,1300.,,,,393.30,,,,
"2,2-Dimethylbutane",75-83-2,,1400.,,,,405.85,,,,
"2,2-Dimethylbutane",75-83-2,,1500.,,,,418.40,,,,
"2,2-Dimethylbutane",75-83-2,,341.55,"Waddington G., 1947",GT,,159.41 ± 0.32,,,,
"2,2-Dimethylbutane",75-83-2,,353.20,,,,164.22 ± 0.33,,,,
"2,2-Dimethylbutane",75-83-2,,376.05,,,,173.64 ± 0.35,,,,
"2,2-Dimethylbutane",75-83-2,,412.40,,,,188.07 ± 0.38,,,,
"2,2-Dimethylbutane",75-83-2,,449.40,,,,202.21 ± 0.40,,,,
"2,3-Dimethylbutane",79-29-8,,136.1,"Domalski and Hearing, 1996",CAL,47.22,,,,,
"2,3-Dimethylbutane",79-29-8,,107.,,,22.13,,,,,
"2,3-Dimethylbutane",79-29-8,,145.2,,,5.47,,,,,
"2,3-Dimethylbutane",79-29-8,,107.,"Adachi, Suga, et al., 1971","c,III;DH",,,22.15,"crystaline, III","crystaline, I",
"2,3-Dimethylbutane",79-29-8,,136.02,"Adachi, Suga, et al., 1971","c,II;DH",,,47.24,"crystaline, II","crystaline, I",
"2,3-Dimethylbutane",79-29-8,,145.04,"Adachi, Suga, et al., 1971",DH,,,5.47,"crystaline, I",liquid,
"2,3-Dimethylbutane",79-29-8,,136.07,"Douslin and Huffman, 1946",DH,,,47.72,"crystaline, II","crystaline, I",
"2,3-Dimethylbutane",79-29-8,,145.19,"Douslin and Huffman, 1946",DH,,,5.52,"crystaline, I",liquid,
"2,3-Dimethylbutane",79-29-8,,200.,"Scott D.W., 1974","Recommended values were obtained from the consistent correlation scheme for alkanes [Scott D.W., 1974, 2,Scott D.W., 1974]. This approach gives a better agreement with experimental data than the statistical thermodynamics calculation [Pitzer K.S., 1946] (see also [Waddington G., 1949]).;GT",,93.14,,,,
"2,3-Dimethylbutane",79-29-8,,273.15,,,,128.32,,,,
"2,3-Dimethylbutane",79-29-8,,298.15,,,,139.4 ± 0.7,,,,
"2,3-Dimethylbutane",79-29-8,,300.,,,,140.21,,,,
"2,3-Dimethylbutane",79-29-8,,400.,,,,181.71,,,,
"2,3-Dimethylbutane",79-29-8,,500.,,,,218.36,,,,
"2,3-Dimethylbutane",79-29-8,,600.,,,,250.20,,,,
"2,3-Dimethylbutane",79-29-8,,700.,,,,277.40,,,,
"2,3-Dimethylbutane",79-29-8,,800.,,,,301.67,,,,
"2,3-Dimethylbutane",79-29-8,,900.,,,,322.59,,,,
"2,3-Dimethylbutane",79-29-8,,1000.,,,,340.58,,,,
"2,3-Dimethylbutane",79-29-8,,1100.,,,,356.90,,,,
"2,3-Dimethylbutane",79-29-8,,1200.,,,,370.70,,,,
"2,3-Dimethylbutane",79-29-8,,1300.,,,,384.93,,,,
"2,3-Dimethylbutane",79-29-8,,1400.,,,,393.30,,,,
"2,3-Dimethylbutane",79-29-8,,1500.,,,,405.85,,,,
"2,3-Dimethylbutane",79-29-8,,341.60,"Waddington G., 1949",GT,,158.07,,,,
"2,3-Dimethylbutane",79-29-8,,371.20,,,,170.25,,,,
"2,3-Dimethylbutane",79-29-8,,402.30,,,,182.55,,,,
"2,3-Dimethylbutane",79-29-8,,436.00,,,,195.52,,,,
"2,3-Dimethylbutane",79-29-8,,471.15,,,,208.24,,,,
2-Methylhexane,591-76-4,,154.90,"Huffman, Gross, et al., 1961",DH,59.29,,,,,
2-Methylhexane,591-76-4,,154.0,"Huffman, Parks, et al., 1930",DH,57.60,,,,,
2-Methylhexane,591-76-4,,154.0,"Parks, Huffman, et al., 1930",DH,57.60,,,,,
2-Methylhexane,591-76-4,,200.,"Scott D.W., 1974","Recommended values were obtained from the consistent correlation scheme for alkanes [Scott D.W., 1974, 2,Scott D.W., 1974]. This approach gives a good agreement with experimental data available for alkanes. However, large uncertainties could be expected at high temperatures.;GT",,118.57,,,,
2-Methylhexane,591-76-4,,273.15,,,,152.76,,,,
2-Methylhexane,591-76-4,,298.15,,,,164.5 ± 0.2,,,,
2-Methylhexane,591-76-4,,300.,,,,165.35,,,,
2-Methylhexane,591-76-4,,400.,,,,211.96,,,,
2-Methylhexane,591-76-4,,500.,,,,253.80,,,,
2-Methylhexane,591-76-4,,600.,,,,289.53,,,,
2-Methylhexane,591-76-4,,700.,,,,319.66,,,,
2-Methylhexane,591-76-4,,800.,,,,345.60,,,,
2-Methylhexane,591-76-4,,900.,,,,367.77,,,,
2-Methylhexane,591-76-4,,1000.,,,,386.60,,,,
2-Methylhexane,591-76-4,,1100.,,,,403.34,,,,
2-Methylhexane,591-76-4,,1200.,,,,417.56,,,,
2-Methylhexane,591-76-4,,1300.,,,,430.95,,,,
2-Methylhexane,591-76-4,,1400.,,,,443.50,,,,
2-Methylhexane,591-76-4,,1500.,,,,451.87,,,,
"2,2,4-Trimethylpentane",540-84-1,,165.79,"Pitzer K.S., 1940",DH,55.56,,,,,
"2,2,4-Trimethylpentane",540-84-1,,165.3,"Parks, Huffman, et al., 1930, 2",DH,54.70,,,,,
"2,2,4-Trimethylpentane",540-84-1,,200.,"Scott D.W., 1974","Recommended values were obtained from the consistent correlation scheme for alkanes [Scott D.W., 1974, 2,Scott D.W., 1974]. This approach gives a good agreement with experimental data available for alkanes. However, large uncertainties could be expected at high temperatures.;GT",,130.58,,,,
"2,2,4-Trimethylpentane",540-84-1,,273.15,,,,173.97,,,,
"2,2,4-Trimethylpentane",540-84-1,,298.15,,,,188.4 ± 0.4,,,,
"2,2,4-Trimethylpentane",540-84-1,,300.,,,,189.45,,,,
"2,2,4-Trimethylpentane",540-84-1,,400.,,,,244.60,,,,
"2,2,4-Trimethylpentane",540-84-1,,500.,,,,293.42,,,,
"2,2,4-Trimethylpentane",540-84-1,,600.,,,,335.56,,,,
"2,2,4-Trimethylpentane",540-84-1,,700.,,,,371.96,,,,
"2,2,4-Trimethylpentane",540-84-1,,800.,,,,403.34,,,,
"2,2,4-Trimethylpentane",540-84-1,,900.,,,,430.53,,,,
"2,2,4-Trimethylpentane",540-84-1,,1000.,,,,454.80,,,,
"2,2,4-Trimethylpentane",540-84-1,,1100.,,,,475.72,,,,
"2,2,4-Trimethylpentane",540-84-1,,1200.,,,,494.55,,,,
"2,2,4-Trimethylpentane",540-84-1,,1300.,,,,510.45,,,,
"2,2,4-Trimethylpentane",540-84-1,,1400.,,,,527.18,,,,
"2,2,4-Trimethylpentane",540-84-1,,1500.,,,,539.74,,,,
2-Methylheptane,592-27-8,,64.19,"Messerly and Finke, 1971",DH,72.60,,,,,
2-Methylheptane,592-27-8,,298.15,"Colgate S.O., 1990",GT,,186.13,,,,
2-Methylheptane,592-27-8,,323.15,,,,202.07,,,,
2-Methylheptane,592-27-8,,373.15,,,,230.06,,,,
2-Methylheptane,592-27-8,,408.15,,,,248.37,,,,
2-Methylheptane,592-27-8,,448.15,,,,265.52,,,,
2-Methylheptane,592-27-8,,200.,"Scott D.W., 1974","Recommended values were obtained from the consistent correlation scheme for alkanes [Scott D.W., 1974, 2,Scott D.W., 1974]. This approach gives a good agreement with experimental data available for alkanes. However, large uncertainties could be expected at high temperatures.;GT",,135.65,,,,
2-Methylheptane,592-27-8,,273.15,,,,173.89,,,,
2-Methylheptane,592-27-8,,298.15,,,,187.2 ± 0.2,,,,
2-Methylheptane,592-27-8,,300.,,,,188.20,,,,
2-Methylheptane,592-27-8,,400.,,,,241.25,,,,
2-Methylheptane,592-27-8,,500.,,,,288.78,,,,
2-Methylheptane,592-27-8,,600.,,,,329.28,,,,
2-Methylheptane,592-27-8,,700.,,,,363.17,,,,
2-Methylheptane,592-27-8,,800.,,,,391.62,,,,
2-Methylheptane,592-27-8,,900.,,,,416.31,,,,
2-Methylheptane,592-27-8,,1000.,,,,436.81,,,,
2-Methylheptane,592-27-8,,1100.,,,,454.80,,,,
2-Methylheptane,592-27-8,,1200.,,,,470.70,,,,
2-Methylheptane,592-27-8,,1300.,,,,485.34,,,,
2-Methylheptane,592-27-8,,1400.,,,,497.90,,,,
2-Methylheptane,592-27-8,,1500.,,,,510.45,,,,
2-Methylnonane,871-83-0,,198.8,"Parks, West, et al., 1941, 2",DH,87.97,,,,,
2-Methyldecane,6975-98-0,,224.31,"Messerly and Finke, 1971, 2",DH,111.84,,,,,
Cyclopentane,287-92-3,97.98,298.15,"Aston, Fink, et al., 1943",P;DH,,,,,,
Cyclopentane,287-92-3,,122.36,"Szasz, Morrison, et al., 1947",DH,,,39.92,"crystaline, III","crystaline, II",
Cyclopentane,287-92-3,,138.07,"Szasz, Morrison, et al., 1947",Temperature;DH,,,2.48,"crystaline, II","crystaline, I",
Cyclopentane,287-92-3,,179.69,"Szasz, Morrison, et al., 1947",Temperature;DH,,,3.36,"crystaline, I",liquid,
Cyclopentane,287-92-3,,122.39,"Douslin and Huffman, 1946, 2",DH,,,39.91,"crystaline, III","crystaline, II",
Cyclopentane,287-92-3,,138.09,"Douslin and Huffman, 1946, 2",DH,,,2.49,"crystaline, II","crystaline, I",
Cyclopentane,287-92-3,,179.71,"Douslin and Huffman, 1946, 2",DH,,,3.38,"crystaline, I",liquid,
Cyclopentane,287-92-3,,122.39,"Aston, Fink, et al., 1943",DH,,,39.82,"crystaline, III","crystaline, II",
Cyclopentane,287-92-3,,138.07,"Aston, Fink, et al., 1943",DH,,,2.51,"crystaline, II","crystaline, I",
Cyclopentane,287-92-3,,179.69,"Aston, Fink, et al., 1943",DH,,,3.35,"crystaline, I",liquid,
Cyclopentane,287-92-3,,121.6,"Jacobs and Parks, 1934, 2",DH,,,39.02,"crystaline, III","crystaline, II",
Cyclopentane,287-92-3,,137.1,"Jacobs and Parks, 1934, 2",DH,,,2.61,"crystaline, II","crystaline, I",
Cyclopentane,287-92-3,,179.0,"Jacobs and Parks, 1934, 2",DH,,,3.38,"crystaline, I",liquid,
Cyclopentane,287-92-3,,50.,"Dorofeeva O.V., 1986","Recommended values are in good agreement with those calculated by [Kilpatrick J.E., 1947,McCullough J.P., 1959] at low temperatures. The discrepancies increase at higher temperatures and amount to 1.8 J/mol*K for S(1500 K) and 2.1 J/mol*K for Cp(1500 K) obtained by [McCullough J.P., 1959]. Calculation [Sundaram S., 1963] seems to be incorrect because discrepancies with these data reach 23 and 7 J/mol*K for S(T) and Cp(T), respectively.;GT",,37.58,,,,
Cyclopentane,287-92-3,,100.,,,,40.18,,,,
Cyclopentane,287-92-3,,150.,,,,45.30,,,,
Cyclopentane,287-92-3,,200.,,,,54.19,,,,
Cyclopentane,287-92-3,,273.15,,,,74.48,,,,
Cyclopentane,287-92-3,,298.15,,,,82.8 ± 2.0,,,,
Cyclopentane,287-92-3,,300.,,,,83.39,,,,
Cyclopentane,287-92-3,,400.,,,,118.15,,,,
Cyclopentane,287-92-3,,500.,,,,150.05,,,,
Cyclopentane,287-92-3,,600.,,,,177.07,,,,
Cyclopentane,287-92-3,,700.,,,,199.70,,,,
Cyclopentane,287-92-3,,800.,,,,218.80,,,,
Cyclopentane,287-92-3,,900.,,,,235.02,,,,
Cyclopentane,287-92-3,,1000.,,,,248.88,,,,
Cyclopentane,287-92-3,,1100.,,,,260.76,,,,
Cyclopentane,287-92-3,,1200.,,,,270.96,,,,
Cyclopentane,287-92-3,,1300.,,,,279.75,,,,
Cyclopentane,287-92-3,,1400.,,,,287.34,,,,
Cyclopentane,287-92-3,,1500.,,,,293.92,,,,
Cyclopentane,287-92-3,,329.05,"McCullough J.P., 1959","Please also seeSpitzer R., 1946.;GT",,93.96 ± 0.19,,,,
Cyclopentane,287-92-3,,353.,,,,102.01 ± 0.84,,,,
Cyclopentane,287-92-3,,372.,,,,108.16 ± 0.84,,,,
Cyclopentane,287-92-3,,395.,,,,117.3 ± 1.3,,,,
Cyclopentane,287-92-3,,395.05,,,,117.09 ± 0.23,,,,
Cyclopentane,287-92-3,,424.,,,,126.3 ± 1.3,,,,
Cyclopentane,287-92-3,,463.,,,,138.7 ± 1.3,,,,
Cyclopentane,287-92-3,,463.10,,,,139.47 ± 0.28,,,,
Cyclopentane,287-92-3,,503.,,,,150.7 ± 1.7,,,,
Cyclopentane,287-92-3,,539.,,,,160.1 ± 1.7,,,,
Methylcyclopentane,96-37-7,,130.73,"Douslin and Huffman, 1946",DH,53.00,,,,,
Methylcyclopentane,96-37-7,,130.1,"Huffman, Parks, et al., 1931",DH,52.9,,,,,
Methylcyclopentane,96-37-7,,50.,"Thermodynamics Research Center, 1997","p=1 bar. Selected values of S(T) and Cp(T) are in close agreement with those calculated by [Scott D.W., 1960] at low temperatures. Discrepancies increase up to 1.8 J/mol*K at 1000-1500 K.;GT",,43.31,,,,
Methylcyclopentane,96-37-7,,100.,,,,53.01,,,,
Methylcyclopentane,96-37-7,,150.,,,,62.63,,,,
Methylcyclopentane,96-37-7,,200.,,,,74.75,,,,
Methylcyclopentane,96-37-7,,273.15,,,,99.62,,,,
Methylcyclopentane,96-37-7,,298.15,,,,109.5,,,,
Methylcyclopentane,96-37-7,,300.,,,,110.3,,,,
Methylcyclopentane,96-37-7,,400.,,,,151.5,,,,
Methylcyclopentane,96-37-7,,500.,,,,188.9,,,,
Methylcyclopentane,96-37-7,,600.,,,,220.3,,,,
Methylcyclopentane,96-37-7,,700.,,,,246.6,,,,
Methylcyclopentane,96-37-7,,800.,,,,268.6,,,,
Methylcyclopentane,96-37-7,,900.,,,,287.4,,,,
Methylcyclopentane,96-37-7,,1000.,,,,303.4,,,,
Methylcyclopentane,96-37-7,,1100.,,,,317.1,,,,
Methylcyclopentane,96-37-7,,1200.,,,,328.9,,,,
Methylcyclopentane,96-37-7,,1300.,,,,339.0,,,,
Methylcyclopentane,96-37-7,,1400.,,,,347.8,,,,
Methylcyclopentane,96-37-7,,1500.,,,,355.4,,,,
Methylcyclopentane,96-37-7,,1750.,,,,370.4,,,,
Methylcyclopentane,96-37-7,,2000.,,,,381.1,,,,
Methylcyclopentane,96-37-7,,2250.,,,,389.1,,,,
Methylcyclopentane,96-37-7,,2500.,,,,395.1,,,,
Methylcyclopentane,96-37-7,,2750.,,,,399.7,,,,
Methylcyclopentane,96-37-7,,3000.,,,,403.3,,,,
Methylcyclopentane,96-37-7,,333.20,"McCullough J.P., 1959",GT,,124.24 ± 0.25,,,,
Methylcyclopentane,96-37-7,,362.55,,,,136.21 ± 0.27,,,,
Methylcyclopentane,96-37-7,,402.35,,,,152.15 ± 0.30,,,,
Methylcyclopentane,96-37-7,,436.25,,,,165.21 ± 0.33,,,,
Methylcyclopentane,96-37-7,,471.05,,,,178.17 ± 0.36,,,,
Cyclohexane,110-82-7,111.80,298.15,"Aston, Szasa, et al., 1943",P;DH,,,,,,
Cyclohexane,110-82-7,,186.1,"Domalski and Hearing, 1996",CAL,36.2,,,,,
Cyclohexane,110-82-7,,279.8,,,9.57,,,,,
Cyclohexane,110-82-7,,186.09,"Aston, Szasa, et al., 1943",DH,,,35.93,"crystaline, II","crystaline, I",
Cyclohexane,110-82-7,,279.84,"Aston, Szasa, et al., 1943",DH,,,9.39,"crystaline, I",liquid,
Cyclohexane,110-82-7,,186.1,"Ruehrwein and Huffman, 1943",DH,,,36.21,"crystaline, II","crystaline, I",
Cyclohexane,110-82-7,,279.82,"Ruehrwein and Huffman, 1943",DH,,,9.57,"crystaline, I",liquid,
Cyclohexane,110-82-7,,186.4,"Ziegler and Andrews, 1942",DH,,,36.59,"crystaline, II","crystaline, I",
Cyclohexane,110-82-7,,279.4,"Ziegler and Andrews, 1942",DH,,,9.76,"crystaline, I",liquid,
Cyclohexane,110-82-7,,185.9,"Parks, Huffman, et al., 1930",DH,,,33.53,"crystaline, II","crystaline, I",
Cyclohexane,110-82-7,,279.3,"Parks, Huffman, et al., 1930",DH,,,8.68,"crystaline, I",liquid,
Cyclohexane,110-82-7,,50.,"Dorofeeva O.V., 1986","There is an appreciable difference (up to 3.0-4.5 J/mol*K) between selected values of S(T) and Cp(T) and earlier statistically calculated values [Brickwedde F.G., 1946,Beckett C.W., 1947,Kilpatrick J.E., 1947,Lippincott E.R., 1966] at high temperatures. It is due to using the most reliable molecular constants in [Dorofeeva O.V., 1986].;GT",,34.07,,,,
Cyclohexane,110-82-7,,100.,,,,42.59,,,,
Cyclohexane,110-82-7,,150.,,,,54.80,,,,
Cyclohexane,110-82-7,,200.,,,,69.05,,,,
Cyclohexane,110-82-7,,273.15,,,,95.20,,,,
Cyclohexane,110-82-7,,298.15,,,,105.3 ± 2.0,,,,
Cyclohexane,110-82-7,,300.,,,,106.11,,,,
Cyclohexane,110-82-7,,400.,,,,148.64,,,,
Cyclohexane,110-82-7,,500.,,,,188.68,,,,
Cyclohexane,110-82-7,,600.,,,,223.38,,,,
Cyclohexane,110-82-7,,700.,,,,252.62,,,,
Cyclohexane,110-82-7,,800.,,,,277.05,,,,
Cyclohexane,110-82-7,,900.,,,,297.42,,,,
Cyclohexane,110-82-7,,1000.,,,,314.42,,,,
Cyclohexane,110-82-7,,1100.,,,,328.66,,,,
Cyclohexane,110-82-7,,1200.,,,,340.65,,,,
Cyclohexane,110-82-7,,1300.,,,,350.79,,,,
Cyclohexane,110-82-7,,1400.,,,,359.44,,,,
Cyclohexane,110-82-7,,1500.,,,,366.85,,,,
Cyclohexane,110-82-7,,370.,"Spitzer R., 1946","Please also seeMontgomery J.B., 1942.;GT",,138.07,,,,
Cyclohexane,110-82-7,,384.,,,,143.1 ± 1.3,,,,
Cyclohexane,110-82-7,,390.,,,,146.44,,,,
Cyclohexane,110-82-7,,410.,,,,153.97,,,,
Cyclohexane,110-82-7,,428.,,,,161.8 ± 1.7,,,,
Cyclohexane,110-82-7,,460.,,,,174.5 ± 1.7,,,,
Cyclohexane,110-82-7,,495.,,,,189.5 ± 2.1,,,,
Cyclohexane,110-82-7,,521.,,,,196.7 ± 2.1,,,,
Cyclohexane,110-82-7,,544.,,,,206.3 ± 2.1,,,,
Methylcyclohexane,108-87-2,,146.58,"Douslin and Huffman, 1946, 2",DH,46.05,,,,,
Methylcyclohexane,108-87-2,,146.2,"Parks and Huffman, 1930",DH,45.14,,,,,
Methylcyclohexane,108-87-2,,50.,"Thermodynamics Research Center, 1997","p=1 bar. Recommended S(T) and Cp(T) values differ significantly from earlier statistically calculated values [Beckett C.W., 1947] at high temperatures (6 and 7 J/mol*K, respectively, at 1500 K).;GT",,36.50,,,,
Methylcyclohexane,108-87-2,,100.,,,,52.01,,,,
Methylcyclohexane,108-87-2,,150.,,,,70.55,,,,
Methylcyclohexane,108-87-2,,200.,,,,90.31,,,,
Methylcyclohexane,108-87-2,,273.15,,,,123.5,,,,
Methylcyclohexane,108-87-2,,298.15,,,,135.8,,,,
Methylcyclohexane,108-87-2,,300.,,,,136.7,,,,
Methylcyclohexane,108-87-2,,400.,,,,186.0,,,,
Methylcyclohexane,108-87-2,,500.,,,,229.9,,,,
Methylcyclohexane,108-87-2,,600.,,,,266.8,,,,
Methylcyclohexane,108-87-2,,700.,,,,297.6,,,,
Methylcyclohexane,108-87-2,,800.,,,,323.5,,,,
Methylcyclohexane,108-87-2,,900.,,,,345.4,,,,
Methylcyclohexane,108-87-2,,1000.,,,,364.1,,,,
Methylcyclohexane,108-87-2,,1100.,,,,380.1,,,,
Methylcyclohexane,108-87-2,,1200.,,,,393.8,,,,
Methylcyclohexane,108-87-2,,1300.,,,,405.6,,,,
Methylcyclohexane,108-87-2,,1400.,,,,415.8,,,,
Methylcyclohexane,108-87-2,,1500.,,,,424.5,,,,
Methylcyclohexane,108-87-2,,1750.,,,,441.8,,,,
Methylcyclohexane,108-87-2,,2000.,,,,454.2,,,,
Methylcyclohexane,108-87-2,,2250.,,,,463.3,,,,
Methylcyclohexane,108-87-2,,2500.,,,,470.1,,,,
Methylcyclohexane,108-87-2,,2750.,,,,475.4,,,,
Methylcyclohexane,108-87-2,,3000.,,,,479.5,,,,
Methylcyclohexane,108-87-2,,390.,"Spitzer R., 1946","Please also seeMontgomery J.B., 1942.;GT",,180.75,,,,
Methylcyclohexane,108-87-2,,398.,,,,184.6 ± 1.7,,,,
Methylcyclohexane,108-87-2,,410.,,,,189.12,,,,
Methylcyclohexane,108-87-2,,439.,,,,203.4 ± 2.1,,,,
Methylcyclohexane,108-87-2,,480.,,,,222.8 ± 2.1,,,,
Methylcyclohexane,108-87-2,,527.,,,,241.9 ± 2.5,,,,
Ethylcyclopentane,1640-89-7,,134.73,"Gross, Oliver, et al., 1953",Form;DH,,,50.99,"crystaline, I",liquid,
Ethylcyclopentane,1640-89-7,,134.03,"Gross, Oliver, et al., 1953",Form;DH,,,58.97,"crystaline, II",liquid,
Ethylcyclopentane,1640-89-7,,50.,"Thermodynamics Research Center, 1997","p=1 bar. Selected values are in close agreement with those calculated by a method of increments [Kilpatrick J.E., 1947].;GT",,49.48,,,,
Ethylcyclopentane,1640-89-7,,100.,,,,65.17,,,,
Ethylcyclopentane,1640-89-7,,150.,,,,77.76,,,,
Ethylcyclopentane,1640-89-7,,200.,,,,92.61,,,,
Ethylcyclopentane,1640-89-7,,273.15,,,,122.1,,,,
Ethylcyclopentane,1640-89-7,,298.15,,,,133.6,,,,
Ethylcyclopentane,1640-89-7,,300.,,,,134.5,,,,
Ethylcyclopentane,1640-89-7,,400.,,,,182.0,,,,
Ethylcyclopentane,1640-89-7,,500.,,,,224.8,,,,
Ethylcyclopentane,1640-89-7,,600.,,,,260.6,,,,
Ethylcyclopentane,1640-89-7,,700.,,,,290.5,,,,
Ethylcyclopentane,1640-89-7,,800.,,,,315.7,,,,
Ethylcyclopentane,1640-89-7,,900.,,,,337.1,,,,
Ethylcyclopentane,1640-89-7,,1000.,,,,355.4,,,,
Ethylcyclopentane,1640-89-7,,1100.,,,,371.2,,,,
Ethylcyclopentane,1640-89-7,,1200.,,,,384.7,,,,
Ethylcyclopentane,1640-89-7,,1300.,,,,396.4,,,,
Ethylcyclopentane,1640-89-7,,1400.,,,,406.5,,,,
Ethylcyclopentane,1640-89-7,,1500.,,,,415.2,,,,
Ethylcyclopentane,1640-89-7,,1750.,,,,432.5,,,,
Ethylcyclopentane,1640-89-7,,2000.,,,,445.0,,,,
Ethylcyclopentane,1640-89-7,,2250.,,,,454.2,,,,
Ethylcyclopentane,1640-89-7,,2500.,,,,461.1,,,,
Ethylcyclopentane,1640-89-7,,2750.,,,,466.5,,,,
Ethylcyclopentane,1640-89-7,,3000.,,,,470.7,,,,
Ethylcyclohexane,1678-91-7,,161.84,"Huffman, Todd, et al., 1949, 2",DH,51.49,,,,,
Ethylcyclohexane,1678-91-7,,161.4,"Parks, Moore, et al., 1949, 2",DH,51.3,,,,,
Ethylcyclohexane,1678-91-7,,50.,"Thermodynamics Research Center, 1997","p=1 bar. There is an appreciable difference, mainly at high temperatures, with values estimated earlier by a method of increments [Beckett C.W., 1947].;GT",,40.95,,,,
Ethylcyclohexane,1678-91-7,,100.,,,,62.69,,,,
Ethylcyclohexane,1678-91-7,,150.,,,,87.23,,,,
Ethylcyclohexane,1678-91-7,,200.,,,,111.7,,,,
Ethylcyclohexane,1678-91-7,,273.15,,,,150.0,,,,
Ethylcyclohexane,1678-91-7,,298.15,,,,163.9,,,,
Ethylcyclohexane,1678-91-7,,300.,,,,164.9,,,,
Ethylcyclohexane,1678-91-7,,400.,,,,219.6,,,,
Ethylcyclohexane,1678-91-7,,500.,,,,268.2,,,,
Ethylcyclohexane,1678-91-7,,600.,,,,308.9,,,,
Ethylcyclohexane,1678-91-7,,700.,,,,342.9,,,,
Ethylcyclohexane,1678-91-7,,800.,,,,371.6,,,,
Ethylcyclohexane,1678-91-7,,900.,,,,396.1,,,,
Ethylcyclohexane,1678-91-7,,1000.,,,,416.9,,,,
Ethylcyclohexane,1678-91-7,,1100.,,,,434.8,,,,
Ethylcyclohexane,1678-91-7,,1200.,,,,450.2,,,,
Ethylcyclohexane,1678-91-7,,1300.,,,,463.4,,,,
Ethylcyclohexane,1678-91-7,,1400.,,,,474.9,,,,
Ethylcyclohexane,1678-91-7,,1500.,,,,484.8,,,,
Ethylcyclohexane,1678-91-7,,1750.,,,,504.2,,,,
Ethylcyclohexane,1678-91-7,,2000.,,,,518.2,,,,
Ethylcyclohexane,1678-91-7,,2250.,,,,528.6,,,,
Ethylcyclohexane,1678-91-7,,2500.,,,,536.3,,,,
Ethylcyclohexane,1678-91-7,,2750.,,,,542.3,,,,
Ethylcyclohexane,1678-91-7,,3000.,,,,547.0,,,,
Ethylcyclohexane,1678-91-7,,298.15,"Colgate S.O., 1990","These heat capacities determined from acoustical measurements are significantly lower than statistically calculated values [Thermodynamics Research Center, 1997] (Cp(298.15 K)=163.9 J/mol*K) and values estimated by a method of increments [Beckett C.W., 1947] (Cp(298.15 K)=158.6 J/mol*K). At the same time, the heat capacities of ethylbenzene determined in this work are only slightly below than calorimetric ones.;GT",,152.23,,,,
Ethylcyclohexane,1678-91-7,,323.15,,,,170.36,,,,
Ethylcyclohexane,1678-91-7,,373.15,,,,197.90,,,,
Ethylcyclohexane,1678-91-7,,408.15,,,,217.63,,,,
Ethylcyclohexane,1678-91-7,,448.15,,,,239.88,,,,
Propylcyclohexane,1678-92-8,,178.25,"Finke, Messerly, et al., 1965",DH,58.19,,,,,
Butylcyclohexane,1678-93-9,,198.42,"Finke, Messerly, et al., 1965",DH,71.36,,,,,
Decalin,91-17-8,,242.78,"McCullough, Finke, et al., 1957",DH,59.37,,,,,
Decalin,91-17-8,,230.1,"Parks and Hatton, 1949",DH,9.6,,,,,
trans-Decalin,493-02-7,,242.4,"Parks and Hatton, 1949, 2",DH,13.4,,,,,
trans-Decalin,493-02-7,,216.1,"Domalski and Hearing, 1996",CAL,9.87,,,,,
trans-Decalin,493-02-7,,230.2,,,41.22,,,,,
trans-Decalin,493-02-7,,216.1,"McCullough, Finke, et al., 1957, 2",DH,,,9.88,"crystaline, II","crystaline, I",
trans-Decalin,493-02-7,,230.18,"McCullough, Finke, et al., 1957, 2",DH,,,41.22,"crystaline, I",liquid,
trans-Decalin,493-02-7,,50.,"Dorofeeva O.V., 1988","Recommended values agree with results of statistical calculations [Miyazawa T., 1958,Chang S., 1970] within their uncertainties. These functions are also reproduced in the reference book [Frenkel M., 1994].;GT",,39.17,,,,
trans-Decalin,493-02-7,,100.,,,,59.59,,,,
trans-Decalin,493-02-7,,150.,,,,83.80,,,,
trans-Decalin,493-02-7,,200.,,,,109.18,,,,
trans-Decalin,493-02-7,,273.15,,,,152.32,,,,
trans-Decalin,493-02-7,,298.15,,,,168.6 ± 1.0,,,,
trans-Decalin,493-02-7,,300.,,,,169.78,,,,
trans-Decalin,493-02-7,,400.,,,,236.37,,,,
trans-Decalin,493-02-7,,500.,,,,297.34,,,,
trans-Decalin,493-02-7,,600.,,,,349.20,,,,
trans-Decalin,493-02-7,,700.,,,,392.71,,,,
trans-Decalin,493-02-7,,800.,,,,429.33,,,,
trans-Decalin,493-02-7,,900.,,,,460.36,,,,
trans-Decalin,493-02-7,,1000.,,,,486.74,,,,
trans-Decalin,493-02-7,,1100.,,,,509.26,,,,
trans-Decalin,493-02-7,,1200.,,,,528.54,,,,
trans-Decalin,493-02-7,,1300.,,,,545.08,,,,
trans-Decalin,493-02-7,,1400.,,,,559.33,,,,
trans-Decalin,493-02-7,,1500.,,,,571.64,,,,
trans-Decalin,493-02-7,,400.,"Miyazawa T., 1958",GT,,237.53,,,,
trans-Decalin,493-02-7,,450.,,,,272.29,,,,
cis-Decalin,493-01-6,,50.,"Dorofeeva O.V., 1988","Recommended values agree with results of statistical calculations [Miyazawa T., 1958,Chang S., 1970] within their uncertainties. These functions are also reproduced in the reference book [Frenkel M., 1994].;GT",,39.75,,,,
cis-Decalin,493-01-6,,100.,,,,59.89,,,,
cis-Decalin,493-01-6,,150.,,,,82.98,,,,
cis-Decalin,493-01-6,,200.,,,,108.15,,,,
cis-Decalin,493-01-6,,273.15,,,,151.73,,,,
cis-Decalin,493-01-6,,298.15,,,,168.1 ± 1.0,,,,
cis-Decalin,493-01-6,,300.,,,,169.37,,,,
cis-Decalin,493-01-6,,400.,,,,236.42,,,,
cis-Decalin,493-01-6,,500.,,,,297.57,,,,
cis-Decalin,493-01-6,,600.,,,,349.48,,,,
cis-Decalin,493-01-6,,700.,,,,392.97,,,,
cis-Decalin,493-01-6,,800.,,,,429.58,,,,
cis-Decalin,493-01-6,,900.,,,,460.57,,,,
cis-Decalin,493-01-6,,1000.,,,,486.93,,,,
cis-Decalin,493-01-6,,1100.,,,,509.43,,,,
cis-Decalin,493-01-6,,1200.,,,,528.68,,,,
cis-Decalin,493-01-6,,1300.,,,,545.21,,,,
cis-Decalin,493-01-6,,1400.,,,,559.44,,,,
cis-Decalin,493-01-6,,1500.,,,,571.74,,,,
cis-Decalin,493-01-6,,400.,"Miyazawa T., 1958",GT,,236.77,,,,
cis-Decalin,493-01-6,,450.,,,,272.00,,,,
Bicyclohexyl,92-51-3,,256.1,"Domalski and Hearing, 1996",CAL,6.01,,,,,
Bicyclohexyl,92-51-3,,267.5,,,2.77,,,,,
Bicyclohexyl,92-51-3,,273.5,,,25.89,,,,,
Bicyclohexyl,92-51-3,,277.2,,,24.46,,,,,
Bicyclohexyl,92-51-3,,256.5,"Horn, Klaeboe, et al., 1992",DH,,,5.3,"crystaline, IV","crystaline, III",
Bicyclohexyl,92-51-3,,267.0,"Horn, Klaeboe, et al., 1992",DH,,,1.2,"crystaline, III","crystaline, II",
Bicyclohexyl,92-51-3,,273.6,"Horn, Klaeboe, et al., 1992",DH,,,25.9,"crystaline, II","crystaline, I",
Bicyclohexyl,92-51-3,,277.4,"Horn, Klaeboe, et al., 1992",Crystal/isotropic;DH,,,23.8,"crystaline, I",liquid,
Benzene,71-43-2,,278.69,"Oliver, Eaton, et al., 1948",DH,35.40,,,,,
Benzene,71-43-2,,278.65,"Ziegler and Andrews, 1942",DH,35.59,,,,,
Benzene,71-43-2,,279.1,"Smith, 1979",DH,33.3,,,,,
Benzene,71-43-2,,278.8,"Pacor, 1967",DH,32.1,,,,,
Benzene,71-43-2,,278.6,"Huffman, Parks, et al., 1930",DH,35.19,,,,,
Benzene,71-43-2,,278.55,"Andrews, Lynn, et al., 1926",DH,35.5,,,,,
Benzene,71-43-2,,278.64,"Maass and Walbauer, 1925",DH,35.9,,,,,
Benzene,71-43-2,,50.,"Thermodynamics Research Center, 1997",GT,,33.27,,,,
Benzene,71-43-2,,100.,,,,35.11,,,,
Benzene,71-43-2,,150.,,,,41.94,,,,
Benzene,71-43-2,,200.,,,,53.17,,,,
Benzene,71-43-2,,273.15,,,,74.55,,,,
Benzene,71-43-2,,298.15,,,,82.44,,,,
Benzene,71-43-2,,300.,,,,83.02,,,,
Benzene,71-43-2,,400.,,,,113.52,,,,
Benzene,71-43-2,,500.,,,,139.35,,,,
Benzene,71-43-2,,600.,,,,160.09,,,,
Benzene,71-43-2,,700.,,,,176.78,,,,
Benzene,71-43-2,,800.,,,,190.45,,,,
Benzene,71-43-2,,900.,,,,201.82,,,,
Benzene,71-43-2,,1000.,,,,211.41,,,,
Benzene,71-43-2,,1100.,,,,219.56,,,,
Benzene,71-43-2,,1200.,,,,226.52,,,,
Benzene,71-43-2,,1300.,,,,232.49,,,,
Benzene,71-43-2,,1400.,,,,237.65,,,,
Benzene,71-43-2,,1500.,,,,242.11,,,,
Benzene,71-43-2,,1750.,,,,250.91,,,,
Benzene,71-43-2,,2000.,,,,257.26,,,,
Benzene,71-43-2,,2250.,,,,261.95,,,,
Benzene,71-43-2,,2500.,,,,265.50,,,,
Benzene,71-43-2,,2750.,,,,268.23,,,,
Benzene,71-43-2,,3000.,,,,270.37,,,,
Benzene,71-43-2,,333.15,"Todd S.S., 1978","Please also seeMontgomery J.B., 1942,Pitzer K.S., 1943,Scott D.W., 1947.;GT",,93.32 ± 0.06,,,,
Benzene,71-43-2,,341.60,,,,95.81,,,,
Benzene,71-43-2,,348.15,,,,97.99 ± 0.06,,,,
Benzene,71-43-2,,368.15,,,,103.98 ± 0.06,,,,
Benzene,71-43-2,,370.,,,,105.02,,,,
Benzene,71-43-2,,371.20,,,,104.77,,,,
Benzene,71-43-2,,388.,,,,108.8 ± 1.3,,,,
Benzene,71-43-2,,390.,,,,110.88,,,,
Benzene,71-43-2,,393.,,,,110.5 ± 1.3,,,,
Benzene,71-43-2,,402.30,,,,113.93,,,,
Benzene,71-43-2,,403.15,,,,114.29 ± 0.07,,,,
Benzene,71-43-2,,410.,,,,115.48,,,,
Benzene,71-43-2,,417.,,,,117.6 ± 1.3,,,,
Benzene,71-43-2,,428.,,,,118.8 ± 1.3,,,,
Benzene,71-43-2,,436.15,,,,123.39,,,,
Benzene,71-43-2,,438.15,,,,123.93 ± 0.07,,,,
Benzene,71-43-2,,463.,,,,126.8 ± 1.3,,,,
Benzene,71-43-2,,471.10,,,,132.42,,,,
Benzene,71-43-2,,473.15,,,,132.94 ± 0.08,,,,
Benzene,71-43-2,,481.,,,,131.4 ± 1.3,,,,
Benzene,71-43-2,,500.15,,,,139.47 ± 0.08,,,,
Benzene,71-43-2,,527.15,,,,145.59 ± 0.09,,,,
Toluene,108-88-3,,178.15,"Scott, Guthrie, et al., 1962, 2",DH,37.25,,,,,
Toluene,108-88-3,,177.95,"Kelley, 1929, 2",DH,37.20,,,,,
Toluene,108-88-3,,178.0,"Ziegler and Andrews, 1942, 2",DH,36.79,,,,,
Toluene,108-88-3,,200.,"Draeger, 1985","Recommended values agree better with experimental heat capacities than results of calculation [Chao J., 1984]. All other statistically calculated values [Pitzer K.S., 1943,Taylor W.J., 1946,Scott D.W., 1962] are in close agreement with selected ones, except for high temperatures.;GT",,69.85,,,,
Toluene,108-88-3,,273.15,,,,94.68,,,,
Toluene,108-88-3,,298.15,,,,103.7 ± 0.4,,,,
Toluene,108-88-3,,300.,,,,104.4,,,,
Toluene,108-88-3,,400.,,,,139.9,,,,
Toluene,108-88-3,,500.,,,,170.8,,,,
Toluene,108-88-3,,600.,,,,196.2,,,,
Toluene,108-88-3,,700.,,,,217.0,,,,
Toluene,108-88-3,,800.,,,,234.3,,,,
Toluene,108-88-3,,900.,,,,248.9,,,,
Toluene,108-88-3,,1000.,,,,261.2,,,,
Toluene,108-88-3,,1100.,,,,271.8,,,,
Toluene,108-88-3,,1200.,,,,280.8,,,,
Toluene,108-88-3,,1300.,,,,288.5,,,,
Toluene,108-88-3,,1400.,,,,295.2,,,,
Toluene,108-88-3,,1500.,,,,301.0,,,,
Toluene,108-88-3,,371.20,"Scott D.W., 1962","Please also seeMontgomery J.B., 1942,Pitzer K.S., 1943,Taylor W.J., 1946.;GT",,130.08 ± 0.26,,,,
Toluene,108-88-3,,390.,,,,140.2,,,,
Toluene,108-88-3,,393.,,,,137.2 ± 1.3,,,,
Toluene,108-88-3,,396.20,,,,138.87 ± 0.27,,,,
Toluene,108-88-3,,410.,,,,146.4,,,,
Toluene,108-88-3,,427.20,,,,149.16 ± 0.30,,,,
Toluene,108-88-3,,428.,,,,149.4 ± 1.7,,,,
Toluene,108-88-3,,462.20,,,,160.33 ± 0.32,,,,
Toluene,108-88-3,,463.,,,,159.0 ± 1.7,,,,
Toluene,108-88-3,,500.20,,,,171.46 ± 0.34,,,,
Ethylbenzene,100-41-4,144.5,294.01,"Scott and Brickwedde, 1945, 2",DH,,,,,,
Ethylbenzene,100-41-4,,178.15,"Scott and Brickwedde, 1945, 2",DH,51.54,,,,,
Ethylbenzene,100-41-4,,178.17,"Guthrie, Spitzer, et al., 1944",DH,51.43,,,,,
Ethylbenzene,100-41-4,,178.0,"Huffman, Parks, et al., 1930, 2",DH,51.48,,,,,
Ethylbenzene,100-41-4,,50.,"Thermodynamics Research Center, 1997","Recommended values are in good agreement with other statistically calculated data [Miller A., 1978,Taylor W.J., 1946].;GT",,44.37,,,,
Ethylbenzene,100-41-4,,100.,,,,57.72,,,,
Ethylbenzene,100-41-4,,150.,,,,72.35,,,,
Ethylbenzene,100-41-4,,200.,,,,88.54,,,,
Ethylbenzene,100-41-4,,273.15,,,,116.88,,,,
Ethylbenzene,100-41-4,,298.15,,,,127.40,,,,
Ethylbenzene,100-41-4,,300.,,,,128.19,,,,
Ethylbenzene,100-41-4,,400.,,,,169.95,,,,
Ethylbenzene,100-41-4,,500.,,,,206.58,,,,
Ethylbenzene,100-41-4,,600.,,,,236.75,,,,
Ethylbenzene,100-41-4,,700.,,,,261.51,,,,
Ethylbenzene,100-41-4,,800.,,,,282.08,,,,
Ethylbenzene,100-41-4,,900.,,,,299.37,,,,
Ethylbenzene,100-41-4,,1000.,,,,314.04,,,,
Ethylbenzene,100-41-4,,1100.,,,,326.56,,,,
Ethylbenzene,100-41-4,,1200.,,,,337.27,,,,
Ethylbenzene,100-41-4,,1300.,,,,346.48,,,,
Ethylbenzene,100-41-4,,1400.,,,,354.41,,,,
Ethylbenzene,100-41-4,,1500.,,,,361.27,,,,
Ethylbenzene,100-41-4,,373.15,"Hossenlopp I.A., 1981","Heat capacities determined from acoustical measurements [Colgate S.O., 1990] (124.98, 138.21, 158.84, and 173.88 J/mol*K at 298.15, 323.15, 373.15, and 408.15 K, respectively) are slightly lower than calorimetric ones. Please also seeScott R.B., 1945.;GT",,159.24 ± 0.80,,,,
Ethylbenzene,100-41-4,,385.65,,,,164.25 ± 0.33,,,,
Ethylbenzene,100-41-4,,398.15,,,,169.25 ± 0.34,,,,
Ethylbenzene,100-41-4,,423.15,,,,178.96 ± 0.36,,,,
Ethylbenzene,100-41-4,,448.15,,,,188.28 ± 0.38,,,,
Ethylbenzene,100-41-4,,473.15,,,,197.35 ± 0.39,,,,
Ethylbenzene,100-41-4,,498.15,,,,205.94 ± 0.41,,,,
Ethylbenzene,100-41-4,,523.15,,,,214.02 ± 0.43,,,,
o-Xylene,95-47-6,,247.82,"Pitzer and Scott, 1943",DH,54.87,,,,,
o-Xylene,95-47-6,,208.,"Huffman, Parks, et al., 1930, 2",DH,,,0.15,"crystaline, II","crystaline, I",
o-Xylene,95-47-6,,247.8,"Huffman, Parks, et al., 1930, 2",DH,,,52.61,"crystaline, I",liquid,
o-Xylene,95-47-6,,200.,"Draeger, 1985","Discrepancies with other statistically calculated values of S(T) and Cp(T) [Pitzer K.S., 1943,Taylor W.J., 1946,Hastings S.H., 1957,Chao J., 1984] do not exceed 1.5 J/mol*K.;GT",,96.05,,,,
o-Xylene,95-47-6,,273.15,,,,122.9,,,,
o-Xylene,95-47-6,,298.15,,,,132.5 ± 0.4,,,,
o-Xylene,95-47-6,,300.,,,,133.2,,,,
o-Xylene,95-47-6,,400.,,,,171.6,,,,
o-Xylene,95-47-6,,500.,,,,206.0,,,,
o-Xylene,95-47-6,,600.,,,,235.1,,,,
o-Xylene,95-47-6,,700.,,,,259.5,,,,
o-Xylene,95-47-6,,800.,,,,280.0,,,,
o-Xylene,95-47-6,,900.,,,,297.4,,,,
o-Xylene,95-47-6,,1000.,,,,312.2,,,,
o-Xylene,95-47-6,,1100.,,,,324.9,,,,
o-Xylene,95-47-6,,1200.,,,,335.8,,,,
o-Xylene,95-47-6,,1300.,,,,345.2,,,,
o-Xylene,95-47-6,,1400.,,,,353.3,,,,
o-Xylene,95-47-6,,1500.,,,,360.3,,,,
o-Xylene,95-47-6,,393.,"Taylor W.J., 1946","Please also seePitzer K.S., 1943.;GT",,168.2 ± 1.7,,,,
o-Xylene,95-47-6,,428.,,,,182.0 ± 1.7,,,,
o-Xylene,95-47-6,,463.,,,,192.5 ± 2.1,,,,
m-Xylene,108-38-3,,225.27,"Pitzer and Scott, 1943",DH,51.36,,,,,
m-Xylene,108-38-3,,166.,"Huffman, Parks, et al., 1930, 2",DH,,,1.25,"crystaline, II","crystaline, I",
m-Xylene,108-38-3,,219.6,"Huffman, Parks, et al., 1930, 2",DH,,,52.11,"crystaline, I",liquid,
m-Xylene,108-38-3,,200.,"Draeger, 1985","Discrepancies with other statistically calculated values of S(T) and Cp(T) [Pitzer K.S., 1943,Taylor W.J., 1946,Hastings S.H., 1957,Chao J., 1984] do not exceed 1.5 J/mol*K.;GT",,87.21,,,,
m-Xylene,108-38-3,,273.15,,,,115.6,,,,
m-Xylene,108-38-3,,298.15,,,,125.8 ± 0.4,,,,
m-Xylene,108-38-3,,300.,,,,126.6,,,,
m-Xylene,108-38-3,,400.,,,,167.1,,,,
m-Xylene,108-38-3,,500.,,,,202.9,,,,
m-Xylene,108-38-3,,600.,,,,232.8,,,,
m-Xylene,108-38-3,,700.,,,,257.7,,,,
m-Xylene,108-38-3,,800.,,,,278.6,,,,
m-Xylene,108-38-3,,900.,,,,296.2,,,,
m-Xylene,108-38-3,,1000.,,,,311.2,,,,
m-Xylene,108-38-3,,1100.,,,,324.1,,,,
m-Xylene,108-38-3,,1200.,,,,335.1,,,,
m-Xylene,108-38-3,,1300.,,,,344.6,,,,
m-Xylene,108-38-3,,1400.,,,,352.8,,,,
m-Xylene,108-38-3,,1500.,,,,359.8,,,,
m-Xylene,108-38-3,,393.,"Taylor W.J., 1946","Please also seePitzer K.S., 1943.;GT",,163.6 ± 1.7,,,,
m-Xylene,108-38-3,,428.,,,,177.4 ± 1.7,,,,
m-Xylene,108-38-3,,463.,,,,190.0 ± 1.7,,,,
p-Xylene,106-42-3,,286.405,"Messerly, Finke, et al., 1988, 2",DH,59.77,,,,,
p-Xylene,106-42-3,,286.3,"Corruccini and Ginnings, 1947",DH,59.73,,,,,
p-Xylene,106-42-3,,286.39,"Pitzer and Scott, 1943",DH,59.75,,,,,
p-Xylene,106-42-3,,286.3,"Huffman, Parks, et al., 1930, 2",DH,59.14,,,,,
p-Xylene,106-42-3,,50.,"Chao J., 1986","Among the known statistically calculated values [Pitzer K.S., 1943,Taylor W.J., 1946,Draeger J.A., 1981,Draeger, 1985], the recommended S(T) and Cp(T) values are in best agreement with the experimental data. With the exception of [Draeger J.A., 1981], all calculations agree within 1.2 J/mol*K for S(T) and Cp(T). Discrepancy with Cp(1000 K) calculated by [Draeger J.A., 1981] amounts to 4.7 J/mol*K.;GT",,44.67,,,,
p-Xylene,106-42-3,,100.,,,,54.98,,,,
p-Xylene,106-42-3,,150.,,,,69.79,,,,
p-Xylene,106-42-3,,200.,,,,87.00,,,,
p-Xylene,106-42-3,,273.15,,,,115.7,,,,
p-Xylene,106-42-3,,298.15,,,,126.0,,,,
p-Xylene,106-42-3,,300.,,,,126.8,,,,
p-Xylene,106-42-3,,400.,,,,167.4,,,,
p-Xylene,106-42-3,,500.,,,,203.3,,,,
p-Xylene,106-42-3,,600.,,,,233.2,,,,
p-Xylene,106-42-3,,700.,,,,258.1,,,,
p-Xylene,106-42-3,,800.,,,,278.9,,,,
p-Xylene,106-42-3,,900.,,,,296.4,,,,
p-Xylene,106-42-3,,1000.,,,,311.4,,,,
p-Xylene,106-42-3,,1100.,,,,324.2,,,,
p-Xylene,106-42-3,,1200.,,,,335.2,,,,
p-Xylene,106-42-3,,1300.,,,,344.7,,,,
p-Xylene,106-42-3,,1400.,,,,352.8,,,,
p-Xylene,106-42-3,,1500.,,,,359.9,,,,
p-Xylene,106-42-3,,393.,"Hossenlopp I.A., 1981","Please also seePitzer K.S., 1943,Taylor W.J., 1946.;GT",,163.2 ± 1.7,,,,
p-Xylene,106-42-3,,398.15,,,,166.52 ± 0.33,,,,
p-Xylene,106-42-3,,423.15,,,,175.82 ± 0.35,,,,
p-Xylene,106-42-3,,428.,,,,178.2 ± 1.7,,,,
p-Xylene,106-42-3,,448.15,,,,185.40 ± 0.37,,,,
p-Xylene,106-42-3,,463.,,,,189.1 ± 1.7,,,,
p-Xylene,106-42-3,,473.15,,,,194.17 ± 0.39,,,,
p-Xylene,106-42-3,,498.15,,,,202.92 ± 0.41,,,,
p-Xylene,106-42-3,,523.15,,,,211.09 ± 0.42,,,,
Styrene,100-42-5,,242.27,"Warfield and Petree, 1961",DH,45.32,,,,,
Styrene,100-42-5,,242.27,"Pitzer, Guttman, et al., 1946, 3",DH,45.16,,,,,
Styrene,100-42-5,,242.47,"Guttman and Westrum, 1943",DH,45.16,,,,,
Styrene,100-42-5,,242.47,"Lebedev, Lebedev, et al., 1985",DH,45.2,,,,,
Styrene,100-42-5,,373.15,"Scott R.B., 1945",GT,,151.29 ± 0.76,,,,
Styrene,100-42-5,,50.,"Thermodynamics Research Center, 1997","p=1 bar. Recommended values agree with other statistically calculated values of S(T) and Cp(T) [Beckett C.W., 1946] within 0.8 and 1.9 J/mol*K, respectively.;GT",,45.76,,,,
Styrene,100-42-5,,100.,,,,54.19,,,,
Styrene,100-42-5,,150.,,,,65.81,,,,
Styrene,100-42-5,,200.,,,,81.77,,,,
Styrene,100-42-5,,273.15,,,,110.03,,,,
Styrene,100-42-5,,298.15,,,,120.19,,,,
Styrene,100-42-5,,300.,,,,120.94,,,,
Styrene,100-42-5,,400.,,,,159.79,,,,
Styrene,100-42-5,,500.,,,,192.59,,,,
Styrene,100-42-5,,600.,,,,219.0,,,,
Styrene,100-42-5,,700.,,,,240.4,,,,
Styrene,100-42-5,,800.,,,,258.0,,,,
Styrene,100-42-5,,900.,,,,272.8,,,,
Styrene,100-42-5,,1000.,,,,285.2,,,,
Styrene,100-42-5,,1100.,,,,295.8,,,,
Styrene,100-42-5,,1200.,,,,304.9,,,,
Styrene,100-42-5,,1300.,,,,312.7,,,,
Styrene,100-42-5,,1400.,,,,319.4,,,,
Styrene,100-42-5,,1500.,,,,325.2,,,,
Propylbenzene,103-65-1,,171.67,"Messerly, Todd, et al., 1965, 2",DH,,,49.50,"crystaline, II",liquid,
Propylbenzene,103-65-1,,173.60,"Messerly, Todd, et al., 1965, 2",Metastable;DH,,,53.39,"crystaline, I",liquid,
Isopropylbenzene,98-82-8,,177.13,"Kishimoto, Suga, et al., 1973, 2",DH,41.36,,,,,
Isopropylbenzene,98-82-8,,177.1,"Kishimoto, Suga, et al., 1973",CAL,41.37,,,,,
"1,2,3-Trimethylbenzene",526-73-8,,218.7,"Domalski and Hearing, 1996",CAL,3.,,,,,
"1,2,3-Trimethylbenzene",526-73-8,,230.3,,,5.8,,,,,
"1,2,3-Trimethylbenzene",526-73-8,,247.8,,,33.01,,,,,
"1,2,3-Trimethylbenzene",526-73-8,,218.70,"Taylor, Johnson, et al., 1955, 2",DH,,,3.01,"crystaline, III","crystaline, II",
"1,2,3-Trimethylbenzene",526-73-8,,230.27,"Taylor, Johnson, et al., 1955, 2",DH,,,5.80,"crystaline, II","crystaline, I",
"1,2,3-Trimethylbenzene",526-73-8,,247.81,"Taylor, Johnson, et al., 1955, 2",DH,,,33.01,"crystaline, I",liquid,
"1,2,3-Trimethylbenzene",526-73-8,,200.,"Draeger, 1985","Discrepancies with other statistically calculated values [Taylor W.J., 1946,Hastings S.H., 1957,Thermodynamics Research Center, 1997] amount up to 5 J/mol*K in S(T) and Cp(T).;GT",,117.9,,,,
"1,2,3-Trimethylbenzene",526-73-8,,273.15,,,,148.3,,,,
"1,2,3-Trimethylbenzene",526-73-8,,298.15,,,,159.1 ± 0.4,,,,
"1,2,3-Trimethylbenzene",526-73-8,,300.,,,,159.9,,,,
"1,2,3-Trimethylbenzene",526-73-8,,400.,,,,202.6,,,,
"1,2,3-Trimethylbenzene",526-73-8,,500.,,,,241.5,,,,
"1,2,3-Trimethylbenzene",526-73-8,,600.,,,,274.7,,,,
"1,2,3-Trimethylbenzene",526-73-8,,700.,,,,302.8,,,,
"1,2,3-Trimethylbenzene",526-73-8,,800.,,,,326.7,,,,
"1,2,3-Trimethylbenzene",526-73-8,,900.,,,,347.0,,,,
"1,2,3-Trimethylbenzene",526-73-8,,1000.,,,,364.3,,,,
"1,2,3-Trimethylbenzene",526-73-8,,1100.,,,,379.2,,,,
"1,2,3-Trimethylbenzene",526-73-8,,1200.,,,,392.0,,,,
"1,2,3-Trimethylbenzene",526-73-8,,1300.,,,,402.9,,,,
"1,2,3-Trimethylbenzene",526-73-8,,1400.,,,,412.4,,,,
"1,2,3-Trimethylbenzene",526-73-8,,1500.,,,,420.6,,,,
"1,2,4-Trimethylbenzene",95-63-6,,228.6,"Huffman, Parks, et al., 1931, 2",DH,55.3,,,,,
"1,2,4-Trimethylbenzene",95-63-6,,229.33,"Putnam and Kilpatrick, 1957, 2",DH,,,57.53,"crystaline, I",liquid,
"1,2,4-Trimethylbenzene",95-63-6,,200.,"Draeger, 1985","Discrepancies with other statistically calculated values [Taylor W.J., 1946,Hastings S.H., 1957,Thermodynamics Research Center, 1997] amount up to 5 J/mol*K in S(T) and Cp(T).;GT",,113.1,,,,
"1,2,4-Trimethylbenzene",95-63-6,,273.15,,,,143.3,,,,
"1,2,4-Trimethylbenzene",95-63-6,,298.15,,,,154.1 ± 0.4,,,,
"1,2,4-Trimethylbenzene",95-63-6,,300.,,,,155.0,,,,
"1,2,4-Trimethylbenzene",95-63-6,,400.,,,,198.5,,,,
"1,2,4-Trimethylbenzene",95-63-6,,500.,,,,238.0,,,,
"1,2,4-Trimethylbenzene",95-63-6,,600.,,,,271.7,,,,
"1,2,4-Trimethylbenzene",95-63-6,,700.,,,,300.2,,,,
"1,2,4-Trimethylbenzene",95-63-6,,800.,,,,324.3,,,,
"1,2,4-Trimethylbenzene",95-63-6,,900.,,,,344.8,,,,
"1,2,4-Trimethylbenzene",95-63-6,,1000.,,,,362.3,,,,
"1,2,4-Trimethylbenzene",95-63-6,,1100.,,,,377.3,,,,
"1,2,4-Trimethylbenzene",95-63-6,,1200.,,,,390.2,,,,
"1,2,4-Trimethylbenzene",95-63-6,,1300.,,,,401.4,,,,
"1,2,4-Trimethylbenzene",95-63-6,,1400.,,,,411.0,,,,
"1,2,4-Trimethylbenzene",95-63-6,,1500.,,,,419.3,,,,
"1,3,5-Trimethylbenzene",108-67-8,,228.42,"Taylor and Kilpatrick, 1955, 2",Metastable;DH,,,41.65,"crystaline, I",liquid,
"1,3,5-Trimethylbenzene",108-67-8,,200.,"Draeger, 1985","Discrepancies with other statistically calculated values of S(T) and Cp(T) amount to 1, 2, and 3 J/mol*K for [Thermodynamics Research Center, 1997], [Pitzer K.S., 1943], and [Taylor W.J., 1946], respectively.",,104.3,,,,
"1,3,5-Trimethylbenzene",108-67-8,,273.15,,,,136.0,,,,
"1,3,5-Trimethylbenzene",108-67-8,,298.15,,,,147.4 ± 0.4,,,,
"1,3,5-Trimethylbenzene",108-67-8,,300.,,,,148.3,,,,
"1,3,5-Trimethylbenzene",108-67-8,,400.,,,,193.7,,,,
"1,3,5-Trimethylbenzene",108-67-8,,500.,,,,234.6,,,,
"1,3,5-Trimethylbenzene",108-67-8,,600.,,,,269.2,,,,
"1,3,5-Trimethylbenzene",108-67-8,,700.,,,,298.2,,,,
"1,3,5-Trimethylbenzene",108-67-8,,800.,,,,322.7,,,,
"1,3,5-Trimethylbenzene",108-67-8,,900.,,,,343.5,,,,
"1,3,5-Trimethylbenzene",108-67-8,,1000.,,,,361.2,,,,
"1,3,5-Trimethylbenzene",108-67-8,,1100.,,,,376.4,,,,
"1,3,5-Trimethylbenzene",108-67-8,,1200.,,,,389.5,,,,
"1,3,5-Trimethylbenzene",108-67-8,,1300.,,,,400.7,,,,
"1,3,5-Trimethylbenzene",108-67-8,,1400.,,,,410.4,,,,
"1,3,5-Trimethylbenzene",108-67-8,,1500.,,,,418.8,,,,
Butylbenzene,104-51-8,,184.6,"Huffman, Parks, et al., 1931, 2",DH,59.5,,,,,
Butylbenzene,104-51-8,,185.14,"Messerly, Todd, et al., 1965, 3",Metastable;DH,,,60.81,"crystaline, II",liquid,
Butylbenzene,104-51-8,,185.30,"Messerly, Todd, et al., 1965, 3",DH,,,60.56,"crystaline, I",liquid,
tert-Butylbenzene,98-06-6,,215.0,"Huffman, Parks, et al., 1930, 2",DH,39.06,,,,,
Tetralin,119-64-2,,237.36,"McCullough, Finke, et al., 1957, 2",DH,52.44,,,,,
Tetralin,119-64-2,,50.,"Dorofeeva O.V., 1988","Recommended values were calculated statistically mechanically using force field approximation for polycyclic aromatic hydrocarbons to estimate the needed vibrational frequencies (see also [Dorofeeva O.V., 1986]). These functions are reproduced in the reference book [Frenkel M., 1994]. Values of S(298.15 K)=368.6 and Cp(298.15 K)=146.6 J/mol*K were calculated using molecular constants estimated by molecular mechanics [Boyd R.H., 1971]. Discrepancies with semiempirical calculation [Szekely, 1955] amount to 14 and 6 J/mol*K for S and Cp at 298.15 K. Cp(298.15 K) calculated by semiempirical calculation [Vvedenskii A.A., 1957] agrees well with value recommended here.;GT",,39.51,,,,
Tetralin,119-64-2,,100.,,,,55.34,,,,
Tetralin,119-64-2,,150.,,,,75.22,,,,
Tetralin,119-64-2,,200.,,,,98.28,,,,
Tetralin,119-64-2,,273.15,,,,136.97,,,,
Tetralin,119-64-2,,298.15,,,,150.9 ± 2.0,,,,
Tetralin,119-64-2,,300.,,,,151.98,,,,
Tetralin,119-64-2,,400.,,,,206.65,,,,
Tetralin,119-64-2,,500.,,,,254.31,,,,
Tetralin,119-64-2,,600.,,,,293.63,,,,
Tetralin,119-64-2,,700.,,,,325.91,,,,
Tetralin,119-64-2,,800.,,,,352.66,,,,
Tetralin,119-64-2,,900.,,,,375.08,,,,
Tetralin,119-64-2,,1000.,,,,394.00,,,,
Tetralin,119-64-2,,1100.,,,,410.07,,,,
Tetralin,119-64-2,,1200.,,,,423.77,,,,
Tetralin,119-64-2,,1300.,,,,435.51,,,,
Tetralin,119-64-2,,1400.,,,,445.60,,,,
Tetralin,119-64-2,,1500.,,,,454.31,,,,
Naphthalene,91-20-3,219.3,323.,"Torres-Gomez, Barreiro-Rodriguez, et al., 1988",DH,,,,,,
Naphthalene,91-20-3,,298.15,"Torres-Gomez, Barreiro-Rodriguez, et al., 1988",DH,,,,,,242.6
Naphthalene,91-20-3,,353.43,"McCullough, Finke, et al., 1957",DH,51.57,,,,,
Naphthalene,91-20-3,,353.0,"Spaght, Thomas, et al., 1932",DH,54.4,,,,,
Naphthalene,91-20-3,,354.1,"Syunyaev, Tumanyan, et al., 1984",Relative;DH,53.7,,,,,
Naphthalene,91-20-3,,353.5,"Rastogi and Bassi, 1964",DH,54.0,,,,,
Naphthalene,91-20-3,,353.,"Ueberreiter and Orthmann, 1950",DH,53.2,,,,,
Naphthalene,91-20-3,,353.4,"Eibert, 1944",DH,53.2,,,,,
Naphthalene,91-20-3,,353.4,"Schmidt, 1941",DH,53.9,,,,,
Naphthalene,91-20-3,,353.1,"Andrews, Lynn, et al., 1926",DH,53.8,,,,,
Naphthalene,91-20-3,,353.,"David, 1964",Temperature;DH,55.,,,,,
Naphthalene,91-20-3,,353.376,"Andon and Connett, 1980",DH,,,53.90,"crystaline, I",liquid,
Naphthalene,91-20-3,,353.8,"Radomska and Radomski, 1980",DH,,,53.70,"crystaline, I",liquid,
Naphthalene,91-20-3,,50.,"Thermodynamics Research Center, 1997","p=1 bar. Selected values of S(T) and Cp(T) agree with those calculated by statistical thermodynamics method [Dorofeeva O.V., 1986,Dorofeeva O.V., 1988] within 1.2 J/mol*K. Discrepancies with other calculations [Barrow G.M., 1951,McClellan A.L., 1955, 79CHE/KUD,Lielmezs J., 1981] reach 2-3 J/mol*K.;GT",,36.18,,,,
Naphthalene,91-20-3,,100.,,,,47.50,,,,
Naphthalene,91-20-3,,150.,,,,63.89,,,,
Naphthalene,91-20-3,,200.,,,,84.99,,,,
Naphthalene,91-20-3,,273.15,,,,120.52,,,,
Naphthalene,91-20-3,,298.15,,,,133.02,,,,
Naphthalene,91-20-3,,300.,,,,133.94,,,,
Naphthalene,91-20-3,,400.,,,,181.16,,,,
Naphthalene,91-20-3,,500.,,,,220.70,,,,
Naphthalene,91-20-3,,600.,,,,252.37,,,,
Naphthalene,91-20-3,,700.,,,,277.77,,,,
Naphthalene,91-20-3,,800.,,,,298.43,,,,
Naphthalene,91-20-3,,900.,,,,315.50,,,,
Naphthalene,91-20-3,,1000.,,,,329.77,,,,
Naphthalene,91-20-3,,1100.,,,,341.8,,,,
Naphthalene,91-20-3,,1200.,,,,352.0,,,,
Naphthalene,91-20-3,,1300.,,,,360.8,,,,
Naphthalene,91-20-3,,1400.,,,,368.2,,,,
Naphthalene,91-20-3,,1500.,,,,374.7,,,,
Naphthalene,91-20-3,,451.0,"Barrow G.M., 1951",GT,,201.6 ± 2.0,,,,
Naphthalene,91-20-3,,522.7,,,,226.7 ± 2.3,,,,
1-Methylnaphthalene,90-12-0,,240.7,"Domalski and Hearing, 1996",CAL,20.69,,,,,
1-Methylnaphthalene,90-12-0,,242.7,,,28.62,,,,,
1-Methylnaphthalene,90-12-0,,240.70,"McCullough, Finke, et al., 1957, 2",DH,,,20.68,"crystaline, II","crystaline, I",
1-Methylnaphthalene,90-12-0,,242.70,"McCullough, Finke, et al., 1957, 2",DH,,,28.62,"crystaline, I",liquid,
1-Methylnaphthalene,90-12-0,,50.,"Thermodynamics Research Center, 1997",p=1 bar.;GT,,39.1,,,,
1-Methylnaphthalene,90-12-0,,100.,,,,59.1,,,,
1-Methylnaphthalene,90-12-0,,150.,,,,81.1,,,,
1-Methylnaphthalene,90-12-0,,200.,,,,105.9,,,,
1-Methylnaphthalene,90-12-0,,273.15,,,,145.6,,,,
1-Methylnaphthalene,90-12-0,,298.15,,,,159.3,,,,
1-Methylnaphthalene,90-12-0,,300.,,,,160.4,,,,
1-Methylnaphthalene,90-12-0,,400.,,,,212.3,,,,
1-Methylnaphthalene,90-12-0,,500.,,,,256.2,,,,
1-Methylnaphthalene,90-12-0,,600.,,,,291.8,,,,
1-Methylnaphthalene,90-12-0,,700.,,,,320.7,,,,
1-Methylnaphthalene,90-12-0,,800.,,,,344.5,,,,
1-Methylnaphthalene,90-12-0,,900.,,,,364.3,,,,
1-Methylnaphthalene,90-12-0,,1000.,,,,381.0,,,,
1-Methylnaphthalene,90-12-0,,1100.,,,,395.,,,,
1-Methylnaphthalene,90-12-0,,1200.,,,,407.,,,,
1-Methylnaphthalene,90-12-0,,1300.,,,,418.,,,,
1-Methylnaphthalene,90-12-0,,1400.,,,,426.,,,,
1-Methylnaphthalene,90-12-0,,1500.,,,,434.,,,,
2-Methylnaphthalene,91-57-6,,307.2,"Huffman, Parks, et al., 1931, 2",DH,39.0,,,,,
2-Methylnaphthalene,91-57-6,,288.5,"Domalski and Hearing, 1996",CAL,19.43,,,,,
2-Methylnaphthalene,91-57-6,,307.7,,,39.43,,,,,
2-Methylnaphthalene,91-57-6,,288.5,"McCullough, Finke, et al., 1957, 2",DH,,,19.43,"crystaline, II","crystaline, I",
2-Methylnaphthalene,91-57-6,,307.73,"McCullough, Finke, et al., 1957, 2",DH,,,39.40,"crystaline, I",liquid,
2-Methylnaphthalene,91-57-6,,50.,"Thermodynamics Research Center, 1997",p=1 bar.;GT,,43.3,,,,
2-Methylnaphthalene,91-57-6,,100.,,,,61.9,,,,
2-Methylnaphthalene,91-57-6,,150.,,,,80.8,,,,
2-Methylnaphthalene,91-57-6,,200.,,,,103.2,,,,
2-Methylnaphthalene,91-57-6,,273.15,,,,141.1,,,,
2-Methylnaphthalene,91-57-6,,298.15,,,,154.6,,,,
2-Methylnaphthalene,91-57-6,,300.,,,,155.6,,,,
2-Methylnaphthalene,91-57-6,,400.,,,,207.7,,,,
2-Methylnaphthalene,91-57-6,,500.,,,,252.2,,,,
2-Methylnaphthalene,91-57-6,,600.,,,,288.5,,,,
2-Methylnaphthalene,91-57-6,,700.,,,,318.0,,,,
2-Methylnaphthalene,91-57-6,,800.,,,,342.3,,,,
2-Methylnaphthalene,91-57-6,,900.,,,,362.5,,,,
2-Methylnaphthalene,91-57-6,,1000.,,,,379.4,,,,
2-Methylnaphthalene,91-57-6,,1100.,,,,394.,,,,
2-Methylnaphthalene,91-57-6,,1200.,,,,406.,,,,
2-Methylnaphthalene,91-57-6,,1300.,,,,417.,,,,
2-Methylnaphthalene,91-57-6,,1400.,,,,426.,,,,
2-Methylnaphthalene,91-57-6,,1500.,,,,433.,,,,
Biphenyl,92-52-4,,298.15,"Chirico, Knipmeyer, et al., 1989, 2",DH,,,,,,273.42
Biphenyl,92-52-4,,342.098,"Chirico, Knipmeyer, et al., 1989, 2",DH,54.300,,,,,
Biphenyl,92-52-4,,342.2,"O'Rourke and Mraw, 1983",DH,54.3,,,,,
Biphenyl,92-52-4,,344.1,"Smith, 1979",DH,54.6,,,,,
Biphenyl,92-52-4,,341.5,"Spaght, Thomas, et al., 1932",DH,54.6,,,,,
Biphenyl,92-52-4,,341.5,"Domalski and Hearing, 1996",CAL,54.81,,,,,
Biphenyl,92-52-4,,343.,"Ueberreiter and Orthmann, 1950",DH,54.2,,,,,
Biphenyl,92-52-4,,342.,"Schmidt, 1941",DH,54.4,,,,,
Biphenyl,92-52-4,,314.3,"Eykman, 1889",DH,60.3,,,,,
Biphenyl,92-52-4,,16.8,"Saito, Atake, et al., 1988",DH,,,0.009,"crystaline, III, Lock","crystaline, II, in transition",
Biphenyl,92-52-4,,40.4,"Saito, Atake, et al., 1988",Twist;DH,,,0.129,"crystaline, II","crystaline, I",
Biphenyl,92-52-4,,16.8,"Atake, Saito, et al., 1983",Anomalous;DH,,,0.009,"crystaline, III","crystaline, II",
Biphenyl,92-52-4,,40.4,"Atake, Saito, et al., 1983",Anomalous;DH,,,0.129,"crystaline, II","crystaline, I",
Biphenyl,92-52-4,,11.0,"Ataki and Chihara, 1980",DH,,,0.025,"crystaline, III","crystaline, II",
Biphenyl,92-52-4,,40.4,"Ataki and Chihara, 1980",DH,,,0.129,"crystaline, II","crystaline, I",
Biphenyl,92-52-4,,343.3,"Wasicki, Radomska, et al., 1982",DH,,,58.0,"crystaline, I",liquid,
Biphenyl,92-52-4,,50.,"Dorofeeva O.V., 1997","None of the statistically calculated values of S(T) known from literature [Trevissoi C., 1955,Katon J.E., 1959,Aleman H., 1973,Thermodynamics Research Center, 1997] is in full accord with experimental data (see also discussion in [Chirico R.D., 1989]). Recommended values agree with experimental values within their uncertainties except for temperature range 340-460 K where discrepancies amount to 0.4-0.6 J/mol*K.;GT",,50.35,,,,
Biphenyl,92-52-4,,100.,,,,64.83,,,,
Biphenyl,92-52-4,,150.,,,,84.28,,,,
Biphenyl,92-52-4,,200.,,,,108.91,,,,
Biphenyl,92-52-4,,273.15,,,,151.47,,,,
Biphenyl,92-52-4,,298.15,,,,166.7 ± 1.0,,,,
Biphenyl,92-52-4,,300.,,,,167.80,,,,
Biphenyl,92-52-4,,400.,,,,225.53,,,,
Biphenyl,92-52-4,,500.,,,,273.62,,,,
Biphenyl,92-52-4,,600.,,,,311.78,,,,
Biphenyl,92-52-4,,700.,,,,342.14,,,,
Biphenyl,92-52-4,,800.,,,,366.75,,,,
Biphenyl,92-52-4,,900.,,,,387.07,,,,
Biphenyl,92-52-4,,1000.,,,,404.06,,,,
Biphenyl,92-52-4,,1100.,,,,418.42,,,,
Biphenyl,92-52-4,,1200.,,,,430.64,,,,
Biphenyl,92-52-4,,1300.,,,,441.10,,,,
Biphenyl,92-52-4,,1400.,,,,450.09,,,,
Biphenyl,92-52-4,,1500.,,,,457.86,,,,
Indane,496-11-7,,221.77,"Stull, Sinke, et al., 1959, 2",DH,38.77,,,,,
Indane,496-11-7,,73.82,"Stull, Sinke, et al., 1961",DH,,,10.57,"crystaline, II","crystaline, I",
Indane,496-11-7,,221.77,"Stull, Sinke, et al., 1961",DH,,,38.77,"crystaline, I",liquid,
Indane,496-11-7,,50.,"Dorofeeva O.V., 1989",GT,,38.85,,,,
Indane,496-11-7,,100.,,,,50.43,,,,
Indane,496-11-7,,150.,,,,65.21,,,,
Indane,496-11-7,,200.,,,,84.35,,,,
Indane,496-11-7,,273.15,,,,118.32,,,,
Indane,496-11-7,,298.15,,,,130.7 ± 1.0,,,,
Indane,496-11-7,,300.,,,,131.67,,,,
Indane,496-11-7,,400.,,,,180.16,,,,
Indane,496-11-7,,500.,,,,221.92,,,,
Indane,496-11-7,,600.,,,,255.92,,,,
Indane,496-11-7,,700.,,,,283.54,,,,
Indane,496-11-7,,800.,,,,306.26,,,,
Indane,496-11-7,,900.,,,,325.20,,,,
Indane,496-11-7,,1000.,,,,341.14,,,,
Indane,496-11-7,,1100.,,,,354.66,,,,
Indane,496-11-7,,1200.,,,,366.17,,,,
Indane,496-11-7,,1300.,,,,376.03,,,,
Indane,496-11-7,,1400.,,,,384.51,,,,
Indane,496-11-7,,1500.,,,,391.82,,,,
Indane,496-11-7,,435.65,"Hossenlopp I.A., 1981",GT,,193.64 ± 0.39,,,,
Indane,496-11-7,,448.15,,,,199.15 ± 0.39,,,,
Indane,496-11-7,,473.15,,,,209.22 ± 0.39,,,,
Indane,496-11-7,,498.15,,,,219.20 ± 0.39,,,,
Indane,496-11-7,,523.15,,,,228.37 ± 0.39,,,,
Fluorene,86-73-7,,387.0,"Eibert, 1944",DH,51.3,,,,,
Fluorene,86-73-7,,387.94,"Finke, Messerly, et al., 1977, 2",DH,,,50.47,"crystaline, I",liquid,
Fluorene,86-73-7,,50.,"Dorofeeva O.V., 1989","Recommended values are also reproduced in the reference book [Frenkel M., 1994]. These statistically calculated S(T) values agree with experimental ones within 1 J/mol*K.;GT",,39.65,,,,
Fluorene,86-73-7,,100.,,,,57.90,,,,
Fluorene,86-73-7,,150.,,,,81.47,,,,
Fluorene,86-73-7,,200.,,,,109.90,,,,
Fluorene,86-73-7,,273.15,,,,156.72,,,,
Fluorene,86-73-7,,298.15,,,,173.1 ± 1.0,,,,
Fluorene,86-73-7,,300.,,,,174.31,,,,
Fluorene,86-73-7,,400.,,,,236.02,,,,
Fluorene,86-73-7,,500.,,,,287.48,,,,
Fluorene,86-73-7,,600.,,,,328.52,,,,
Fluorene,86-73-7,,700.,,,,361.28,,,,
Fluorene,86-73-7,,800.,,,,387.83,,,,
Fluorene,86-73-7,,900.,,,,409.68,,,,
Fluorene,86-73-7,,1000.,,,,427.89,,,,
Fluorene,86-73-7,,1100.,,,,443.21,,,,
Fluorene,86-73-7,,1200.,,,,456.17,,,,
Fluorene,86-73-7,,1300.,,,,467.22,,,,
Fluorene,86-73-7,,1400.,,,,476.68,,,,
Fluorene,86-73-7,,1500.,,,,484.83,,,,
Acenaphthene,83-32-9,,366.56,"Finke, Messerly, et al., 1977, 2",DH,58.55,,,,,
Acenaphthene,83-32-9,,366.4,"Sadowska, Stepniewska, et al., 1969",DH,55.22,,,,,
Acenaphthene,83-32-9,,367.8,"Eibert, 1944",DH,68.2,,,,,
Acenaphthene,83-32-9,,50.,"Dorofeeva O.V., 1989",GT,,38.72,,,,
Acenaphthene,83-32-9,,100.,,,,55.21,,,,
Acenaphthene,83-32-9,,150.,,,,77.31,,,,
Acenaphthene,83-32-9,,200.,,,,103.81,,,,
Acenaphthene,83-32-9,,273.15,,,,147.01,,,,
Acenaphthene,83-32-9,,298.15,,,,162.2 ± 1.0,,,,
Acenaphthene,83-32-9,,300.,,,,163.27,,,,
Acenaphthene,83-32-9,,400.,,,,220.85,,,,
Acenaphthene,83-32-9,,500.,,,,269.56,,,,
Acenaphthene,83-32-9,,600.,,,,308.84,,,,
Acenaphthene,83-32-9,,700.,,,,340.46,,,,
Acenaphthene,83-32-9,,800.,,,,366.25,,,,
Acenaphthene,83-32-9,,900.,,,,387.56,,,,
Acenaphthene,83-32-9,,1000.,,,,405.37,,,,
Acenaphthene,83-32-9,,1100.,,,,420.36,,,,
Acenaphthene,83-32-9,,1200.,,,,433.08,,,,
Acenaphthene,83-32-9,,1300.,,,,443.92,,,,
Acenaphthene,83-32-9,,1400.,,,,453.21,,,,
Acenaphthene,83-32-9,,1500.,,,,461.21,,,,
Phenanthrene,85-01-8,249.3,350.,"Torres-Gomez, Barreiro-Rodriguez, et al., 1988",DH,,,,,,
Phenanthrene,85-01-8,,298.15,"Torres-Gomez, Barreiro-Rodriguez, et al., 1988",DH,,,,,,304.9
Phenanthrene,85-01-8,,(373.),"Rai, Singh, et al., 1987",DH,49.9,,,,,
Phenanthrene,85-01-8,,373.2,"Rastogi and Bassi, 1964",DH,48.2,,,,,
Phenanthrene,85-01-8,,371.4,"Eibert, 1944",DH,46.2,,,,,
Phenanthrene,85-01-8,,371.7,"Schmidt, 1941",DH,46.1,,,,,
Phenanthrene,85-01-8,,332.2,"Petropavlov, Tsygankova, et al., 1988",DH,,,3.0,"crystaline, II","crystaline, I",
Phenanthrene,85-01-8,,347.5,"Finke, Messerly, et al., 1977, 2",Lambda;DH,,,0.63,"crystaline, II","crystaline, I",
Phenanthrene,85-01-8,,372.38,"Finke, Messerly, et al., 1977, 2",DH,,,44.21,"crystaline, I",liquid,
Phenanthrene,85-01-8,,342.,"Ueberreiter and Orthmann, 1950",DH,,,7.6,"crystaline, II","crystaline, I",
Phenanthrene,85-01-8,,373.,"Ueberreiter and Orthmann, 1950",DH,,,49.9,"crystaline, I",liquid,
Phenanthrene,85-01-8,,50.,"Dorofeeva O.V., 1988","These functions are also reproduced in the reference book [Frenkel M., 1994]. Recommended values of S(T) and Cp(T) agree with those calculated by [Kudchadker S.A., 1979] within 1.3 J/mol*K.;GT",,41.35,,,,
Phenanthrene,85-01-8,,100.,,,,62.23,,,,
Phenanthrene,85-01-8,,150.,,,,88.70,,,,
Phenanthrene,85-01-8,,200.,,,,119.57,,,,
Phenanthrene,85-01-8,,273.15,,,,168.72,,,,
Phenanthrene,85-01-8,,298.15,,,,185.7 ± 1.0,,,,
Phenanthrene,85-01-8,,300.,,,,186.91,,,,
Phenanthrene,85-01-8,,400.,,,,250.42,,,,
Phenanthrene,85-01-8,,500.,,,,303.40,,,,
Phenanthrene,85-01-8,,600.,,,,345.75,,,,
Phenanthrene,85-01-8,,700.,,,,379.61,,,,
Phenanthrene,85-01-8,,800.,,,,407.06,,,,
Phenanthrene,85-01-8,,900.,,,,429.65,,,,
Phenanthrene,85-01-8,,1000.,,,,448.46,,,,
Phenanthrene,85-01-8,,1100.,,,,464.28,,,,
Phenanthrene,85-01-8,,1200.,,,,477.68,,,,
Phenanthrene,85-01-8,,1300.,,,,489.09,,,,
Phenanthrene,85-01-8,,1400.,,,,498.87,,,,
Phenanthrene,85-01-8,,1500.,,,,507.29,,,,
Anthracene,120-12-7,,488.93,"Goursot, Girdhar, et al., 1970, 2",Note;DH,60.07,,,,,
Anthracene,120-12-7,,490.,"Ueberreiter and Orthmann, 1950",DH,58.0,,,,,
Anthracene,120-12-7,,489.7,"Hildebrand, Duschak, et al., 1917",DH,59.0,,,,,
Anthracene,120-12-7,,490.6,"Radomska and Radomski, 1980",DH,,,59.1,"crystaline, I",liquid,
Anthracene,120-12-7,,50.,"Dorofeeva O.V., 1988","S(T) values calculated by [Kudchadker S.A., 1979] are 3.6-4.1 J/mol*K greater than recommended ones. Cp(T) values from two calculations agree within 0.3 J/mol*K. Recommended values are also reproduced in the reference book [Frenkel M., 1994].;GT",,41.38,,,,
Anthracene,120-12-7,,100.,,,,61.44,,,,
Anthracene,120-12-7,,150.,,,,87.80,,,,
Anthracene,120-12-7,,200.,,,,118.55,,,,
Anthracene,120-12-7,,273.15,,,,167.75,,,,
Anthracene,120-12-7,,298.15,,,,184.7 ± 1.0,,,,
Anthracene,120-12-7,,300.,,,,185.99,,,,
Anthracene,120-12-7,,400.,,,,249.74,,,,
Anthracene,120-12-7,,500.,,,,302.90,,,,
Anthracene,120-12-7,,600.,,,,345.39,,,,
Anthracene,120-12-7,,700.,,,,379.33,,,,
Anthracene,120-12-7,,800.,,,,406.84,,,,
Anthracene,120-12-7,,900.,,,,429.48,,,,
Anthracene,120-12-7,,1000.,,,,448.32,,,,
Anthracene,120-12-7,,1100.,,,,464.17,,,,
Anthracene,120-12-7,,1200.,,,,477.58,,,,
Anthracene,120-12-7,,1300.,,,,489.01,,,,
Anthracene,120-12-7,,1400.,,,,498.80,,,,
Anthracene,120-12-7,,1500.,,,,507.22,,,,
1-Pentene,109-67-1,,108.016,"Messerly, Todd, et al., 1990, 2",DH,54.97,,,,,
1-Pentene,109-67-1,,107.797,"Messerly, Todd, et al., 1990, 2",c(metastable)/liq;DH,54.56,,,,,
1-Pentene,109-67-1,,107.90,"Chao, Hall, et al., 1983, 2",DH,53.82,,,,,
1-Pentene,109-67-1,,107.9,"Todd, Oliver, et al., 1947, 2",DH,53.82,,,,,
1-Pentene,109-67-1,,200.,"Thermodynamics Research Center, 1997","p=1 bar. Recommended values were calculated from data for lower alkenes by a method of increments. These values are in good agreement with experimental data. The results of the similar estimation [Kilpatrick J.E., 1946] are in poor agreement with experiment.;GT",,82.35,,,,
1-Pentene,109-67-1,,273.15,,,,101.2,,,,
1-Pentene,109-67-1,,298.15,,,,108.2,,,,
1-Pentene,109-67-1,,300.,,,,108.7,,,,
1-Pentene,109-67-1,,400.,,,,137.6,,,,
1-Pentene,109-67-1,,500.,,,,164.0,,,,
1-Pentene,109-67-1,,600.,,,,186.3,,,,
1-Pentene,109-67-1,,700.,,,,205.1,,,,
1-Pentene,109-67-1,,800.,,,,221.0,,,,
1-Pentene,109-67-1,,900.,,,,234.6,,,,
1-Pentene,109-67-1,,1000.,,,,246.2,,,,
1-Pentene,109-67-1,,1100.,,,,256.4,,,,
1-Pentene,109-67-1,,1200.,,,,265.1,,,,
1-Pentene,109-67-1,,1300.,,,,272.8,,,,
1-Pentene,109-67-1,,1400.,,,,279.2,,,,
1-Pentene,109-67-1,,1500.,,,,285.4,,,,
1-Pentene,109-67-1,,311.09,"Scott D.W., 1949",GT,,112.34 ± 0.33,,,,
1-Pentene,109-67-1,,357.51,,,,126.15 ± 0.38,,,,
1-Pentene,109-67-1,,402.32,,,,139.08 ± 0.42,,,,
1-Pentene,109-67-1,,436.01,,,,148.41 ± 0.45,,,,
1-Pentene,109-67-1,,471.08,,,,157.69 ± 0.47,,,,
1-Hexene,592-41-6,,133.39,"McCullough, Finke, et al., 1957, 2",DH,70.07,,,,,
1-Octene,111-66-0,,171.46,"McCullough, Finke, et al., 1957, 2",DH,89.31,,,,,
1-Decene,872-05-9,,198.3,"Domalski and Hearing, 1996",CAL,40.09,,,,,
1-Decene,872-05-9,,206.9,,,66.73,,,,,
1-Decene,872-05-9,,198.3,"McCullough, Finke, et al., 1957, 2",DH,,,40.09,"crystaline, II","crystaline, I",
1-Decene,872-05-9,,206.89,"McCullough, Finke, et al., 1957, 2",DH,,,66.74,"crystaline, I",liquid,
1-Dodecene,112-41-4,,212.9,"Domalski and Hearing, 1996",CAL,21.38,,,,,
1-Dodecene,112-41-4,,237.9,,,83.54,,,,,
1-Dodecene,112-41-4,,212.9,"McCullough, Finke, et al., 1957, 2",DH,,,21.38,"crystaline, II","crystaline, I",
1-Dodecene,112-41-4,,237.93,"McCullough, Finke, et al., 1957, 2",DH,,,83.67,"crystaline, I",liquid,
1-Hexadecene,629-73-2,,277.51,"McCullough, Finke, et al., 1957, 2",DH,108.80,,,,,
1-Hexadecene,629-73-2,,249.2,"Messerly, Todd, et al., 1990, 3",CAL,15.53,,,,,
1-Hexadecene,629-73-2,,277.5,,,108.86,,,,,
1-Hexadecene,629-73-2,,249.2,"Messerly, Todd, et al., 1990, 2",DH,,,15.53,"crystaline, II","crystaline, I",
1-Hexadecene,629-73-2,,277.396,"Messerly, Todd, et al., 1990, 2",DH,,,108.51,"crystaline, I",liquid,
Adamantane,281-23-2,,208.62,"Westrum, 1961",DH,,,161.8,"crystaline, II","crystaline, I",
Adamantane,281-23-2,,208.62,"Chang and Westrum, 1960",DH,,,16.18,"crystaline, II","crystaline, I",
Adamantane,281-23-2,,200.,"Boyd R.H., 1971",Selected values were obtained by force field calculation. One can expect the uncertainty in Cp(T) values to be about 10 J/mol*K if compare with the authors' results for bicyclo[2.2.1]heptane.;GT,,87.78,,,,
Adamantane,281-23-2,,298.15,,,,148.91,,,,
Adamantane,281-23-2,,300.,,,,150.12,,,,
Adamantane,281-23-2,,400.,,,,215.22,,,,
Adamantane,281-23-2,,500.,,,,274.22,,,,
Adamantane,281-23-2,,600.,,,,323.51,,,,
Adamantane,281-23-2,,800.,,,,398.99,,,,
Adamantane,281-23-2,,1000.,,,,452.58,,,,
Heptylcyclohexane,5617-41-4,,232.8,"Parks, Moore, et al., 1949, 2",DH,95.5,,,,,
